"Market-wise, Commodity-wise Daily Report on: 30-Mar-2026"

Commodity,Arrivals,Unit of Arrivals,Variety,Grade,Minimum Price,Maximum Price,Modal Price,Unit of Price
State Name : Maharashtra
Market Name : ACF Agro Marketing  APMC
Cotton,77.94,Metric Tonnes,Other,Local,7600.0,7700.0,7667.0,Rs./Quintal
Market Name : Aarni APMC
Not Reported
Market Name : Aatpadi APMC
Pomegranate,39.8,Metric Tonnes,Other,Local,1000.0,16500.0,8700.0,Rs./Quintal
Market Name : Achalpur APMC
Not Reported
Market Name : Adarsh Krushi Bazar APMC
Not Reported
Market Name : Aheri APMC
NIL Transaction
Market Name : Ahilyanagar APMC
Not Reported
Market Name : Ahmednagar APMC
Not Reported
Market Name : Ahmedpur APMC
Arhar(Tur/Red Gram)(Whole),12.0,Metric Tonnes,Other,Non-FAQ,5100.0,7750.0,7254.0,Rs./Quintal
Bengal Gram(Gram)(Whole),33.2,Metric Tonnes,Other,Non-FAQ,4300.0,5302.0,5197.0,Rs./Quintal
Green Gram(Moong)(Whole),0.3,Metric Tonnes,Other,Non-FAQ,4400.0,4400.0,4400.0,Rs./Quintal
Groundnut,0.6,Metric Tonnes,Other,FAQ,7263.0,7300.0,7281.0,Rs./Quintal
Jowar(Sorghum),10.5,Metric Tonnes,Other,FAQ,3699.0,4351.0,4025.0,Rs./Quintal
Maize,2.0,Metric Tonnes,Other,Non-FAQ,1751.0,1852.0,1801.0,Rs./Quintal
Mustard,0.5,Metric Tonnes,Other,FAQ,6200.0,6900.0,6550.0,Rs./Quintal
Niger Seed(Ramtil),0.3,Metric Tonnes,Other,FAQ,11000.0,11501.0,11250.0,Rs./Quintal
Soyabean,131.4,Metric Tonnes,Yellow,FAQ,5328.0,5651.0,5489.0,Rs./Quintal
Wheat,11.0,Metric Tonnes,Other,Non-FAQ,1400.0,2500.0,2164.0,Rs./Quintal
Market Name : Akhadabalapur APMC
Not Reported
Market Name : Akkalkot APMC
Not Reported
Market Name : Akkalkuwa APMC
Not Reported
Market Name : Akluj APMC
Beans,1.0,Metric Tonnes,Other,Local,2000.0,3000.0,2500.0,Rs./Quintal
Beetroot,0.9,Metric Tonnes,Other,Local,1000.0,1300.0,1200.0,Rs./Quintal
Bhindi(Ladies Finger),1.1,Metric Tonnes,Other,Local,2200.0,3500.0,3000.0,Rs./Quintal
Bitter gourd,1.6,Metric Tonnes,Other,Local,2200.0,3300.0,2700.0,Rs./Quintal
Brinjal,1.6,Metric Tonnes,Other,Local,1100.0,2500.0,1500.0,Rs./Quintal
Cabbage,1.7,Metric Tonnes,Other,Local,500.0,900.0,700.0,Rs./Quintal
Carrot,1.1,Metric Tonnes,Other,Local,2000.0,2500.0,2200.0,Rs./Quintal
Cauliflower,1.9,Metric Tonnes,Other,Local,1000.0,1600.0,1300.0,Rs./Quintal
Chikoos(Sapota),1.2,Metric Tonnes,Other,Local,2200.0,3700.0,3000.0,Rs./Quintal
Chilly Capsicum,1.2,Metric Tonnes,Other,Local,2200.0,4000.0,3000.0,Rs./Quintal
Coriander(Leaves),3250.0,Bundle,Other,Local,6.0,10.0,8.0,Rs./Bundle
Cucumbar(Kheera),2.1,Metric Tonnes,Other,Local,900.0,1500.0,1300.0,Rs./Quintal
Drumstick,1.3,Metric Tonnes,Other,Local,1300.0,2000.0,1500.0,Rs./Quintal
Ginger(Green),1.1,Metric Tonnes,Other,Local,4000.0,5800.0,5000.0,Rs./Quintal
Green Chilli,1.5,Metric Tonnes,Other,Local,4500.0,5500.0,5000.0,Rs./Quintal
Guar,1.1,Metric Tonnes,Other,Local,6000.0,10000.0,8000.0,Rs./Quintal
Lime,0.2,Metric Tonnes,Other,Local,5000.0,8000.0,6000.0,Rs./Quintal
Methi(Leaves),2200.0,Metric Tonnes,Other,Local,7.0,10.0,9.0,Rs./Quintal
Potato,12.0,Metric Tonnes,Local,Local,1000.0,1500.0,1300.0,Rs./Quintal
Ridgeguard(Tori),1.4,Metric Tonnes,Other,Local,2000.0,3200.0,2700.0,Rs./Quintal
Spinach,2650.0,Metric Tonnes,Other,Local,3.0,6.0,5.0,Rs./Quintal
Tomato,2.7,Metric Tonnes,Local,Local,850.0,1500.0,1000.0,Rs./Quintal
Water Melon,2.7,Metric Tonnes,Other,Local,700.0,1300.0,1000.0,Rs./Quintal
Wheat,10.4,Metric Tonnes,Other,FAQ,2700.0,2700.0,2700.0,Rs./Quintal
Market Name : Akola APMC
Garlic,15.5,Metric Tonnes,Other,Local,3000.0,9000.0,6500.0,Rs./Quintal
Ginger(Green),14.5,Metric Tonnes,Other,Local,4000.0,5000.0,4500.0,Rs./Quintal
Onion,112.0,Metric Tonnes,Other,Local,400.0,1100.0,800.0,Rs./Quintal
Potato,293.0,Metric Tonnes,Other,Local,500.0,1100.0,800.0,Rs./Quintal
Market Name : Akola(Borgaon Manju) APMC
Not Reported
Market Name : Akole APMC
Not Reported
Market Name : Akot APMC
Not Reported
Market Name : Alibagh APMC
Rice,1.0,Metric Tonnes,Other,Local,2500.0,2700.0,2600.0,Rs./Quintal
Market Name : All India Cottonseed Crushers Association APMC
Not Reported
Market Name : Amalner APMC
Not Reported
Market Name : Amarawati APMC
NIL Transaction
Market Name : Ambad (Vadigodri) APMC
Not Reported
Market Name : Ambejaogai APMC
Not Reported
Market Name : Amgaon APMC
NIL Transaction
Market Name : Amrawati(Frui & Veg. Market) APMC
Apple,6.5,Metric Tonnes,Simla,Local,14000.0,16000.0,15000.0,Rs./Quintal
Beetroot,4.8,Metric Tonnes,Other,Local,1000.0,1400.0,1200.0,Rs./Quintal
Bhindi(Ladies Finger),5.9,Metric Tonnes,Other,Local,3000.0,3500.0,3250.0,Rs./Quintal
Bitter gourd,3.9,Metric Tonnes,Other,Local,3000.0,3400.0,3200.0,Rs./Quintal
Brinjal,10.8,Metric Tonnes,Other,Local,1000.0,1200.0,1100.0,Rs./Quintal
Cabbage,12.0,Metric Tonnes,Other,Local,600.0,900.0,750.0,Rs./Quintal
Carrot,6.7,Metric Tonnes,Other,Local,2200.0,2800.0,2500.0,Rs./Quintal
Cauliflower,7.8,Metric Tonnes,Other,Local,1400.0,1800.0,1600.0,Rs./Quintal
Chikoos(Sapota),4.7,Metric Tonnes,Other,Local,3500.0,4000.0,3750.0,Rs./Quintal
Chilly Capsicum,1.0,Metric Tonnes,Other,Local,3000.0,3500.0,3250.0,Rs./Quintal
Coriander(Leaves),10.8,Bundle,Other,Local,1200.0,1600.0,1400.0,Rs./Bundle
Cucumbar(Kheera),7.0,Metric Tonnes,Other,Local,1400.0,1800.0,1600.0,Rs./Quintal
Garlic,10.8,Metric Tonnes,Other,Local,5000.0,11000.0,8000.0,Rs./Quintal
Ginger(Green),7.8,Metric Tonnes,Other,Local,3000.0,6000.0,4500.0,Rs./Quintal
Grapes,25.6,Metric Tonnes,Other,Local,5000.0,7000.0,6000.0,Rs./Quintal
Green Chilli,6.8,Metric Tonnes,Other,Local,5000.0,6000.0,5500.0,Rs./Quintal
Guar,1.0,Metric Tonnes,Other,Local,5000.0,6000.0,5500.0,Rs./Quintal
Karbuja(Musk Melon),79.8,Metric Tonnes,Other,Local,1200.0,1600.0,1400.0,Rs./Quintal
Lime,5.9,Metric Tonnes,Other,Local,4000.0,5000.0,4500.0,Rs./Quintal
Mango,11.9,Metric Tonnes,Other,Local,7000.0,8000.0,7500.0,Rs./Quintal
Mango(Raw-Ripe),6.7,Metric Tonnes,Other,Local,3000.0,4000.0,3500.0,Rs./Quintal
Methi(Leaves),6.9,Metric Tonnes,Other,Local,1600.0,2200.0,1900.0,Rs./Quintal
Mousambi(Sweet Lime),6.7,Metric Tonnes,Other,Local,1600.0,2400.0,2000.0,Rs./Quintal
Onion,33.9,Metric Tonnes,Red,Local,600.0,1800.0,1200.0,Rs./Quintal
Orange,13.5,Metric Tonnes,Other,Local,1400.0,2400.0,1900.0,Rs./Quintal
Papaya,10.6,Metric Tonnes,Other,Local,1600.0,2400.0,2000.0,Rs./Quintal
Pineapple,5350.0,Metric Tonnes,Other,Local,25.0,40.0,32.0,Rs./Quintal
Pomegranate,6.7,Metric Tonnes,Other,Local,13000.0,14000.0,13500.0,Rs./Quintal
Potato,48.0,Metric Tonnes,Local,Local,600.0,1300.0,950.0,Rs./Quintal
Pumpkin,7.0,Metric Tonnes,Other,Local,1200.0,1600.0,1400.0,Rs./Quintal
Spinach,16.8,Metric Tonnes,Other,Local,1000.0,1300.0,1150.0,Rs./Quintal
Tomato,16.6,Metric Tonnes,Local,Local,800.0,1200.0,1000.0,Rs./Quintal
Market Name : Anajngaon APMC
Not Reported
Market Name : Arihant Krishi Utpan Bazar  APMC
Not Reported
Market Name : Arjuni APMC
NIL Transaction
Market Name : Armori APMC
Not Reported
Market Name : Armori(Desaiganj) APMC
Paddy(Common),38.7,Metric Tonnes,Other,Non-FAQ,1900.0,2250.0,2004.0,Rs./Quintal
Paddy(Common),6.9,Metric Tonnes,Other,FAQ,2500.0,2600.0,2571.0,Rs./Quintal
Market Name : Arvi APMC
Not Reported
Market Name : Ashti APMC
NIL Transaction
Market Name : Ashti(Jalna) APMC
Not Reported
Market Name : Ashti(Karanja) APMC
Not Reported
Market Name : Aurad Shahajani APMC
Arhar(Tur/Red Gram)(Whole),0.5,Metric Tonnes,Other,Non-FAQ,7660.0,7999.0,7900.0,Rs./Quintal
Arhar(Tur/Red Gram)(Whole),6.0,Metric Tonnes,Other,FAQ,8000.0,8151.0,8025.0,Rs./Quintal
Bengal Gram(Gram)(Whole),17.0,Metric Tonnes,Other,Non-FAQ,5200.0,5380.0,5290.0,Rs./Quintal
Jowar(Sorghum),0.8,Metric Tonnes,Jowar ( White),Local,2000.0,3500.0,2750.0,Rs./Quintal
Safflower,0.7,Metric Tonnes,Other,Non-FAQ,5026.0,5200.0,5113.0,Rs./Quintal
Soyabean,10.0,Metric Tonnes,Yellow,FAQ,5328.0,5500.0,5400.0,Rs./Quintal
Soyabean,3.0,Metric Tonnes,Yellow,Non-FAQ,5260.0,5327.0,5300.0,Rs./Quintal
Wheat,3.0,Metric Tonnes,Maharashtra 2189,Non-FAQ,1900.0,2400.0,2150.0,Rs./Quintal
Market Name : Ausa APMC
Not Reported
Market Name : BSK Krishi Bazar Private Ltd APMC
Not Reported
Market Name : Babhulgaon APMC
Not Reported
Market Name : Balaji Krushi Market APMC
Not Reported
Market Name : Balapur APMC
Not Reported
Market Name : Baphana Agro Market Inc APMC
Not Reported
Market Name : Baramati APMC
NIL Transaction
Market Name : Barshi APMC
Bengal Gram(Gram)(Whole),4.0,Metric Tonnes,Other,Non-FAQ,5150.0,5150.0,5150.0,Rs./Quintal
Jowar(Sorghum),144.5,Metric Tonnes,Other,Local,2800.0,5400.0,3700.0,Rs./Quintal
Soyabean,7.6,Metric Tonnes,Other,Local,5000.0,5525.0,5300.0,Rs./Quintal
Tamarind Fruit,64.7,Metric Tonnes,Other,Local,9800.0,12500.0,10200.0,Rs./Quintal
Tamarind Seed,19.2,Metric Tonnes,Other,Local,2775.0,2775.0,2775.0,Rs./Quintal
Wheat,0.8,Metric Tonnes,Other,Non-FAQ,2200.0,2200.0,2200.0,Rs./Quintal
Market Name : Barshi Takli APMC
Not Reported
Market Name : Barshi(Vairag) APMC
Jowar(Sorghum),6.8,Metric Tonnes,Other,Local,2700.0,4850.0,3600.0,Rs./Quintal
Market Name : Basmat APMC
Not Reported
Market Name : Basmat(Kurunda) APMC
NIL Transaction
Market Name : Baswant APMC
Not Reported
Market Name : Beed APMC
Bajra(Pearl Millet/Cumbu),5.6,Metric Tonnes,Other,Non-FAQ,2400.0,2710.0,2640.0,Rs./Quintal
Bengal Gram(Gram)(Whole),2.2,Metric Tonnes,Other,Non-FAQ,4900.0,5050.0,4998.0,Rs./Quintal
Jowar(Sorghum),16.8,Metric Tonnes,Other,Non-FAQ,1700.0,3200.0,2218.0,Rs./Quintal
Soyabean,1.8,Metric Tonnes,Yellow,FAQ,5500.0,5500.0,5500.0,Rs./Quintal
Wheat,25.6,Metric Tonnes,Other,Non-FAQ,1923.0,2401.0,2344.0,Rs./Quintal
Market Name : Bhadrawati APMC
Bengal Gram(Gram)(Whole),3.0,Metric Tonnes,Other,Non-FAQ,5050.0,5050.0,5050.0,Rs./Quintal
Cotton,78.0,Metric Tonnes,Other,Local,5800.0,7735.0,6767.0,Rs./Quintal
Market Name : Bhagyoday Cotton and Agri Market APMC
Not Reported
Market Name : Bhandara APMC
Arhar(Tur/Red Gram)(Whole),1.6,Metric Tonnes,Other,Non-FAQ,7000.0,7120.0,7100.0,Rs./Quintal
Bengal Gram(Gram)(Whole),1.9,Metric Tonnes,Other,Non-FAQ,5100.0,5300.0,5160.0,Rs./Quintal
Corriander seed,0.1,Metric Tonnes,Other,Local,9400.0,9400.0,9400.0,Rs./Quintal
Mustard,0.6,Metric Tonnes,Other,Non-FAQ,5300.0,5300.0,5300.0,Rs./Quintal
Rice,0.1,Metric Tonnes,Other,Local,3100.0,3100.0,3100.0,Rs./Quintal
Wheat,1.9,Metric Tonnes,Maharashtra 2189,Non-FAQ,2250.0,2400.0,2255.0,Rs./Quintal
Wheat,0.1,Metric Tonnes,Maharashtra 2189,FAQ,2600.0,2600.0,2600.0,Rs./Quintal
Market Name : Bhivandi APMC
NIL Transaction
Market Name : Bhiwapur APMC
NIL Transaction
Market Name : Bhokar APMC
NIL Transaction
Market Name : Bhokardan APMC
Not Reported
Market Name : Bhokardan(Pimpalgaon Renu) APMC
Not Reported
Market Name : Bhoom APMC
Not Reported
Market Name : Bhor APMC
Not Reported
Market Name : Bhusaval APMC
Not Reported
Market Name : Biloli APMC
Not Reported
Market Name : Bodwad APMC
Not Reported
Market Name : Bodwad(Varangaon) APMC
Not Reported
Market Name : Bori APMC
NIL Transaction
Market Name : Bori Arab APMC
Arhar(Tur/Red Gram)(Whole),0.4,Metric Tonnes,Other,Non-FAQ,7100.0,7100.0,7100.0,Rs./Quintal
Bengal Gram(Gram)(Whole),1.2,Metric Tonnes,Average (Whole),Non-FAQ,4900.0,5250.0,5200.0,Rs./Quintal
Soyabean,1.2,Metric Tonnes,Yellow,Non-FAQ,4435.0,5195.0,4500.0,Rs./Quintal
Market Name : Brahmpuri APMC
Not Reported
Market Name : Buldhana APMC
Not Reported
Market Name : Buldhana(Dhad) APMC
Soyabean,29.5,Metric Tonnes,Yellow,Non-FAQ,4800.0,5325.0,5100.0,Rs./Quintal
Market Name : Chakur APMC
Not Reported
Market Name : Chalisgaon APMC
Not Reported
Market Name : Chamorshi APMC
Paddy(Common),21.3,Metric Tonnes,Other,FAQ,2764.0,2950.0,2843.0,Rs./Quintal
Market Name : Chandrapur APMC
Not Reported
Market Name : Chandrapur(Ganjwad) APMC
Brinjal,3.6,Metric Tonnes,Other,Local,500.0,1000.0,800.0,Rs./Quintal
Cabbage,6.4,Metric Tonnes,Other,Local,400.0,600.0,500.0,Rs./Quintal
Carrot,1.8,Metric Tonnes,Other,Local,1000.0,2000.0,1500.0,Rs./Quintal
Cauliflower,9.3,Metric Tonnes,Other,Local,500.0,1000.0,800.0,Rs./Quintal
Chilly Capsicum,1.3,Metric Tonnes,Other,Local,2000.0,3000.0,2500.0,Rs./Quintal
Cucumbar(Kheera),4.1,Metric Tonnes,Other,Local,800.0,1500.0,1000.0,Rs./Quintal
Garlic,43.8,Metric Tonnes,Other,Local,3000.0,8000.0,6000.0,Rs./Quintal
Ginger(Green),1.8,Metric Tonnes,Other,Local,5300.0,5500.0,5400.0,Rs./Quintal
Green Chilli,3.5,Metric Tonnes,Other,Local,2000.0,4000.0,3000.0,Rs./Quintal
Methi(Leaves),0.4,Metric Tonnes,Other,Local,2000.0,3000.0,2500.0,Rs./Quintal
Onion,135.0,Metric Tonnes,Other,Local,1000.0,1400.0,1200.0,Rs./Quintal
Potato,168.0,Metric Tonnes,Other,Local,600.0,1200.0,800.0,Rs./Quintal
Pumpkin,0.6,Metric Tonnes,Other,Local,500.0,1000.0,700.0,Rs./Quintal
Raddish,1.1,Metric Tonnes,Other,Local,1000.0,2000.0,1500.0,Rs./Quintal
Spinach,1.1,Metric Tonnes,Other,Local,1000.0,2000.0,1500.0,Rs./Quintal
Tomato,25.9,Metric Tonnes,Other,Local,300.0,600.0,400.0,Rs./Quintal
Market Name : Chandur Bazar APMC
Not Reported
Market Name : Chandur Railway APMC
Not Reported
Market Name : Chandvad APMC
Maize,14.0,Metric Tonnes,Other,Non-FAQ,1200.0,1671.0,1530.0,Rs./Quintal
Onion,709.9,Metric Tonnes,Red,Local,100.0,1065.0,880.0,Rs./Quintal
Onion,459.7,Metric Tonnes,Other,Local,625.0,1275.0,1080.0,Rs./Quintal
Market Name : Chattrapati Sambhajinagar APMC
Bhindi(Ladies Finger),4.6,Metric Tonnes,Other,Local,1200.0,2700.0,1950.0,Rs./Quintal
Bitter gourd,2.5,Metric Tonnes,Other,Local,2000.0,3200.0,2600.0,Rs./Quintal
Bottle gourd,3.2,Metric Tonnes,Other,Local,500.0,700.0,600.0,Rs./Quintal
Brinjal,4.0,Metric Tonnes,Other,Local,500.0,700.0,600.0,Rs./Quintal
Cabbage,5.9,Metric Tonnes,Other,Local,400.0,600.0,500.0,Rs./Quintal
Carrot,3.2,Metric Tonnes,Other,Local,1000.0,1400.0,1200.0,Rs./Quintal
Cauliflower,5.2,Metric Tonnes,Other,Local,600.0,1000.0,675.0,Rs./Quintal
Chikoos(Sapota),4.0,Metric Tonnes,Other,Local,1200.0,2000.0,1600.0,Rs./Quintal
Chilly Capsicum,3.1,Metric Tonnes,Other,Local,1200.0,2000.0,1600.0,Rs./Quintal
Coriander(Leaves),19000.0,Bundle,Other,Local,300.0,500.0,400.0,Rs./Bundle
Cucumbar(Kheera),5.9,Metric Tonnes,Other,Local,400.0,900.0,650.0,Rs./Quintal
Drumstick,3.7,Metric Tonnes,Other,Local,1500.0,3000.0,2250.0,Rs./Quintal
Garlic,3.5,Metric Tonnes,Other,Local,3200.0,7800.0,5500.0,Rs./Quintal
Ginger(Green),2.7,Metric Tonnes,Other,Local,3000.0,3500.0,3250.0,Rs./Quintal
Grapes,4.1,Metric Tonnes,Other,Local,7000.0,9000.0,8000.0,Rs./Quintal
Green Chilli,7.2,Metric Tonnes,Other,Local,3200.0,7500.0,5350.0,Rs./Quintal
Guar,1.5,Metric Tonnes,Other,Local,4000.0,7000.0,5500.0,Rs./Quintal
Guava,2.0,Metric Tonnes,Other,Local,600.0,1200.0,900.0,Rs./Quintal
Jowar(Sorghum),2.6,Metric Tonnes,Other,Non-FAQ,2520.0,3560.0,3110.0,Rs./Quintal
Karbuja(Musk Melon),29.0,Metric Tonnes,Other,Local,800.0,1200.0,1000.0,Rs./Quintal
Lime,3.1,Metric Tonnes,Other,Local,6000.0,13000.0,9500.0,Rs./Quintal
Maize,1.3,Metric Tonnes,Yellow,FAQ,2466.0,2466.0,2466.0,Rs./Quintal
Maize,10.6,Metric Tonnes,Yellow,Non-FAQ,1580.0,1600.0,1590.0,Rs./Quintal
Mango,2.3,Metric Tonnes,Other,Local,12000.0,14000.0,13000.0,Rs./Quintal
Mango(Raw-Ripe),4.6,Metric Tonnes,Other,Local,1200.0,2000.0,1600.0,Rs./Quintal
Methi(Leaves),9000.0,Metric Tonnes,Other,Local,400.0,600.0,500.0,Rs./Quintal
Mousambi(Sweet Lime),2.5,Metric Tonnes,Other,Local,1000.0,4000.0,2500.0,Rs./Quintal
Onion,391.7,Metric Tonnes,Other,Local,250.0,1100.0,675.0,Rs./Quintal
Pineapple,27000.0,Metric Tonnes,Other,Local,3200.0,6500.0,4850.0,Rs./Quintal
Pomegranate,1.2,Metric Tonnes,Other,Local,7000.0,14000.0,10500.0,Rs./Quintal
Ridgeguard(Tori),2.9,Metric Tonnes,Other,Local,2500.0,3500.0,3000.0,Rs./Quintal
Soyabean,0.6,Metric Tonnes,Other,Local,5102.0,5102.0,5102.0,Rs./Quintal
Spinach,13500.0,Metric Tonnes,Other,Local,150.0,200.0,175.0,Rs./Quintal
Tomato,13.5,Metric Tonnes,Other,Local,300.0,800.0,550.0,Rs./Quintal
Wheat,46.5,Metric Tonnes,Other,Non-FAQ,1875.0,2568.0,2222.0,Rs./Quintal
Market Name : Chikali APMC
Not Reported
Market Name : Chimur APMC
Arhar(Tur/Red Gram)(Whole),1.2,Metric Tonnes,Other,Non-FAQ,7000.0,7800.0,7500.0,Rs./Quintal
Paddy(Common),34.5,Metric Tonnes,Other,FAQ,2500.0,2700.0,2600.0,Rs./Quintal
Market Name : Chopada APMC
Not Reported
Market Name : Cottoncity Agro Foods Private Ltd APMC
Not Reported
Market Name : Dahanu APMC
NIL Transaction
Market Name : Dahivadi APMC
Not Reported
Market Name : Dand Brothers Agro  APMC
Not Reported
Market Name : Darwha APMC
Not Reported
Market Name : Daryapur APMC
Not Reported
Market Name : Deglur APMC
Not Reported
Market Name : Deoulgaon Raja APMC
Arhar(Tur/Red Gram)(Whole),1.8,Metric Tonnes,Other,Non-FAQ,7000.0,7300.0,7100.0,Rs./Quintal
Bajra(Pearl Millet/Cumbu),0.2,Metric Tonnes,Other,Non-FAQ,2500.0,2500.0,2500.0,Rs./Quintal
Bengal Gram(Gram)(Whole),2.5,Metric Tonnes,Other,Non-FAQ,4900.0,5100.0,5000.0,Rs./Quintal
Cotton,90.0,Metric Tonnes,Desi,Local,8000.0,8320.0,8200.0,Rs./Quintal
Jowar(Sorghum),3.0,Metric Tonnes,Other,Local,2300.0,3225.0,2700.0,Rs./Quintal
Soyabean,0.1,Metric Tonnes,Yellow,Non-FAQ,5000.0,5000.0,5000.0,Rs./Quintal
Wheat,17.5,Metric Tonnes,Other,Non-FAQ,1901.0,2400.0,2100.0,Rs./Quintal
Market Name : Deulgaon Raja Balaji Agro Marketing Private Market APMC
Cotton,5.1,Metric Tonnes,Other,Local,7991.0,8200.0,8095.0,Rs./Quintal
Market Name : Devala APMC
Not Reported
Market Name : Devani APMC
Not Reported
Market Name : Devri APMC
Not Reported
Market Name : Dhadgaon APMC
Not Reported
Market Name : Dhamngaon-Railway APMC
Not Reported
Market Name : Dharangaon APMC
Not Reported
Market Name : Dharashiv APMC
Not Reported
Market Name : Dharmabad APMC
Not Reported
Market Name : Dharni APMC
Not Reported
Market Name : Dhule APMC
Not Reported
Market Name : Digras APMC
Not Reported
Market Name : Dindori APMC
Not Reported
Market Name : Dindori(Vani) APMC
Not Reported
Market Name : Dondaicha APMC
Arhar(Tur/Red Gram)(Whole),6.0,Metric Tonnes,Other,Non-FAQ,5300.0,6650.0,6300.0,Rs./Quintal
Bengal Gram(Gram)(Whole),36.8,Metric Tonnes,Average (Whole),Non-FAQ,3000.0,4700.0,4500.0,Rs./Quintal
Bengal Gram(Gram)(Whole),0.8,Metric Tonnes,Other,FAQ,7599.0,7599.0,7599.0,Rs./Quintal
Chili Red,1.8,Metric Tonnes,Other,Local,3724.0,6851.0,5700.0,Rs./Quintal
Jowar(Sorghum),4.5,Metric Tonnes,Other,Local,1400.0,2351.0,2225.0,Rs./Quintal
Wheat,293.3,Metric Tonnes,Other,Non-FAQ,1700.0,2460.0,2200.0,Rs./Quintal
Market Name : Dondaicha(Sindhkheda) APMC
Not Reported
Market Name : Dound APMC
NIL Transaction
Market Name : Dudhani APMC
NIL Transaction
Market Name : Fulmbri APMC
Not Reported
Market Name : Gadchiroli APMC
Not Reported
Market Name : Gadhinglaj APMC
Not Reported
Market Name : Gajanaan Krushi Bazar APMC
Not Reported
Market Name : Gajanan Krushi Utpanna Bazar (India) Pvt Ltd  APMC
Turmeric,6.48,Metric Tonnes,Other,Local,11100.0,14600.0,12725.0,Rs./Quintal
Market Name : Gangakhed APMC
Not Reported
Market Name : Gangapur APMC
Not Reported
Market Name : Gevrai APMC
Not Reported
Market Name : Ghansawangi APMC
Not Reported
Market Name : Ghatanji APMC
Not Reported
Market Name : Ghoti APMC
Not Reported
Market Name : Gondiya APMC
Paddy(Common),1.4,Metric Tonnes,Other,Non-FAQ,1955.0,1955.0,1955.0,Rs./Quintal
Paddy(Common),1.1,Metric Tonnes,Other,FAQ,2545.0,2545.0,2545.0,Rs./Quintal
Market Name : Gondpimpri APMC
Paddy(Common),42.0,Metric Tonnes,Other,FAQ,2850.0,2920.0,2900.0,Rs./Quintal
Market Name : Gopal Krishna Agro APMC
Not Reported
Market Name : Goregaon APMC
Paddy(Common),30.0,Metric Tonnes,Other,FAQ,2369.0,2369.0,2369.0,Rs./Quintal
Market Name : Govardhan Farm Produce Market  APMC
Not Reported
Market Name : Hadgaon APMC
Bengal Gram(Gram)(Whole),20.0,Metric Tonnes,Other,Non-FAQ,5100.0,5300.0,5200.0,Rs./Quintal
Market Name : Hadgaon(Tamsa) APMC
Soyabean,10.0,Metric Tonnes,Yellow,Non-FAQ,5000.0,5300.0,5200.0,Rs./Quintal
Turmeric,10.0,Metric Tonnes,Other,Local,11000.0,13000.0,12000.0,Rs./Quintal
Market Name : Hari Har Khajagi Bazar Parisar APMC
Cotton,267.26,Metric Tonnes,LRA,Local,6200.0,8050.0,7795.44,Rs./Quintal
Market Name : Higanghat Infrastructure Private Limited APMC
NIL Transaction - No Arrivals
Market Name : Himalyatnagar APMC
Not Reported
Market Name : Hinganghat APMC
Arhar(Tur/Red Gram)(Whole),721.6,Metric Tonnes,Other,Non-FAQ,6450.0,7900.0,7500.0,Rs./Quintal
Arhar(Tur/Red Gram)(Whole),29.0,Metric Tonnes,Other,FAQ,8000.0,8850.0,8400.0,Rs./Quintal
Bengal Gram(Gram)(Whole),657.3,Metric Tonnes,Other,Non-FAQ,4700.0,5415.0,5100.0,Rs./Quintal
Cotton,1169.6,Metric Tonnes,Other,Non-FAQ,6500.0,7700.0,7200.0,Rs./Quintal
Cotton,50.4,Metric Tonnes,Other,FAQ,7710.0,8360.0,8000.0,Rs./Quintal
Soyabean,18.4,Metric Tonnes,Yellow,FAQ,5330.0,5715.0,5500.0,Rs./Quintal
Soyabean,87.4,Metric Tonnes,Yellow,Non-FAQ,3400.0,5000.0,4200.0,Rs./Quintal
Wheat,104.5,Metric Tonnes,Other,Non-FAQ,2000.0,2380.0,2200.0,Rs./Quintal
Market Name : Hingna APMC
Beetroot,0.1,Metric Tonnes,Other,Local,1000.0,2500.0,1833.0,Rs./Quintal
Bhindi(Ladies Finger),2.2,Metric Tonnes,Other,Local,1000.0,5000.0,3767.0,Rs./Quintal
Bitter gourd,0.9,Metric Tonnes,Other,Local,3000.0,5500.0,4458.0,Rs./Quintal
Bottle gourd,0.3,Metric Tonnes,Other,Local,400.0,1200.0,740.0,Rs./Quintal
Brinjal,14.3,Metric Tonnes,Other,Local,250.0,1750.0,968.0,Rs./Quintal
Cabbage,3.9,Metric Tonnes,Other,Local,350.0,1000.0,670.0,Rs./Quintal
Carrot,0.2,Metric Tonnes,Other,Local,1500.0,2500.0,2042.0,Rs./Quintal
Cauliflower,11.1,Metric Tonnes,Other,Local,300.0,3200.0,791.0,Rs./Quintal
Chilly Capsicum,0.2,Metric Tonnes,Other,Local,2500.0,4000.0,3333.0,Rs./Quintal
Coriander(Leaves),4.0,Bundle,Other,Local,500.0,3000.0,1925.0,Rs./Bundle
Cucumbar(Kheera),3.4,Metric Tonnes,Other,Local,400.0,2000.0,1106.0,Rs./Quintal
Drumstick,0.8,Metric Tonnes,Other,Local,1500.0,4000.0,2520.0,Rs./Quintal
Garlic,0.3,Metric Tonnes,Other,Local,10000.0,11000.0,10500.0,Rs./Quintal
Ginger(Green),0.8,Metric Tonnes,Other,Local,3500.0,7000.0,5680.0,Rs./Quintal
Green Chilli,1.2,Metric Tonnes,Other,Local,2500.0,6000.0,4045.0,Rs./Quintal
Guar,2.4,Metric Tonnes,Other,Local,2000.0,5000.0,3468.0,Rs./Quintal
Jack Fruit(Ripe),0.1,Metric Tonnes,Other,Local,2500.0,2500.0,2500.0,Rs./Quintal
Karbuja(Musk Melon),0.8,Metric Tonnes,Other,Local,750.0,1700.0,1183.0,Rs./Quintal
Lime,0.2,Metric Tonnes,Other,Local,8000.0,14000.0,11833.0,Rs./Quintal
Mango(Raw-Ripe),0.4,Metric Tonnes,Other,Local,2000.0,5000.0,3923.0,Rs./Quintal
Methi(Leaves),2.0,Metric Tonnes,Other,Local,1000.0,3000.0,1871.0,Rs./Quintal
Onion,4.6,Metric Tonnes,Red,Local,1000.0,1600.0,1337.0,Rs./Quintal
Onion,0.9,Metric Tonnes,White,Local,1100.0,1700.0,1433.0,Rs./Quintal
Onion Green,0.6,Metric Tonnes,Other,Local,800.0,2000.0,1643.0,Rs./Quintal
Orange,0.1,Metric Tonnes,Other,Local,1000.0,3000.0,2500.0,Rs./Quintal
Potato,2.8,Metric Tonnes,Local,Local,900.0,1600.0,1300.0,Rs./Quintal
Pumpkin,0.4,Metric Tonnes,Other,Local,1500.0,2000.0,1600.0,Rs./Quintal
Raddish,1.9,Metric Tonnes,Other,Local,400.0,2000.0,877.0,Rs./Quintal
Ridgeguard(Tori),0.2,Metric Tonnes,Other,Local,3000.0,4000.0,3428.0,Rs./Quintal
Spinach,4.3,Metric Tonnes,Other,Local,500.0,2000.0,1140.0,Rs./Quintal
Tomato,15.5,Metric Tonnes,Local,Local,200.0,1400.0,672.0,Rs./Quintal
Market Name : Hingoli APMC
NIL Transaction
Market Name : Hingoli(Kanegoan Naka) APMC
Not Reported
Market Name : Indapur APMC
Not Reported
Market Name : Indapur(Bhigwan) APMC
Not Reported
Market Name : Indapur(Nimgaon Ketki) APMC
Not Reported
Market Name : Islampur APMC
Not Reported
Market Name : Islapur APMC
Not Reported
Market Name : J S K Agro Market  APMC
Not Reported
Market Name : Jafrabad APMC
Not Reported
Market Name : Jagdamba Agrocare APMC
Cotton,255.7,Metric Tonnes,Other,Local,6700.0,8100.0,7700.0,Rs./Quintal
Market Name : Jai Gajanan Krishi Bazar APMC
Not Reported
Market Name : Jalana APMC
Gur(Jaggery),5.0,Metric Tonnes,Red,Local,3721.0,3785.0,3772.0,Rs./Quintal
Mousambi(Sweet Lime),6.2,Metric Tonnes,Other,Local,400.0,2300.0,1050.0,Rs./Quintal
Market Name : Jalgaon APMC
Arhar(Tur/Red Gram)(Whole),30.8,Metric Tonnes,Other,FAQ,8000.0,8000.0,8000.0,Rs./Quintal
Arhar(Tur/Red Gram)(Whole),1.3,Metric Tonnes,Other,Non-FAQ,6000.0,7000.0,7000.0,Rs./Quintal
Beetroot,1.5,Metric Tonnes,Other,Local,1000.0,2000.0,1500.0,Rs./Quintal
Bengal Gram(Gram)(Whole),3.8,Metric Tonnes,Average (Whole),Non-FAQ,4800.0,4930.0,4860.0,Rs./Quintal
Bengal Gram(Gram)(Whole),9.4,Metric Tonnes,Other,FAQ,7375.0,7795.0,7720.0,Rs./Quintal
Bhindi(Ladies Finger),9.0,Metric Tonnes,Other,Local,1500.0,2500.0,2000.0,Rs./Quintal
Bitter gourd,3.5,Metric Tonnes,Other,Local,2000.0,3000.0,2500.0,Rs./Quintal
Black Gram(Urd Beans)(Whole),1.2,Metric Tonnes,Other,Non-FAQ,5000.0,6000.0,5000.0,Rs./Quintal
Brinjal,11.0,Metric Tonnes,Other,Local,700.0,1200.0,800.0,Rs./Quintal
Cabbage,8.5,Metric Tonnes,Other,Local,300.0,500.0,400.0,Rs./Quintal
Carrot,0.7,Metric Tonnes,Other,Local,800.0,1200.0,1000.0,Rs./Quintal
Cauliflower,7.0,Metric Tonnes,Other,Local,700.0,1500.0,1000.0,Rs./Quintal
Chikoos(Sapota),0.2,Metric Tonnes,Other,Local,1500.0,1500.0,1500.0,Rs./Quintal
Coriander(Leaves),3.0,Bundle,Other,Local,1000.0,2000.0,1500.0,Rs./Bundle
Cucumbar(Kheera),11.0,Metric Tonnes,Other,Local,800.0,1200.0,1000.0,Rs./Quintal
Drumstick,6.5,Metric Tonnes,Other,Local,1500.0,2500.0,2000.0,Rs./Quintal
Ginger(Green),4.0,Metric Tonnes,Other,Local,2500.0,4500.0,3500.0,Rs./Quintal
Grapes,1.7,Metric Tonnes,Other,Local,6000.0,8000.0,7000.0,Rs./Quintal
Green Chilli,15.0,Metric Tonnes,Other,Local,2000.0,3000.0,2500.0,Rs./Quintal
Guar,1.5,Metric Tonnes,Other,Local,4000.0,6000.0,5000.0,Rs./Quintal
Jowar(Sorghum),0.3,Metric Tonnes,Other,Non-FAQ,2100.0,2100.0,2100.0,Rs./Quintal
Jowar(Sorghum),9.1,Metric Tonnes,Other,Local,2850.0,3200.0,3100.0,Rs./Quintal
Lime,1.1,Metric Tonnes,Other,Local,5000.0,7000.0,6000.0,Rs./Quintal
Maize,16.0,Metric Tonnes,Deshi Red,Non-FAQ,1400.0,1625.0,1500.0,Rs./Quintal
Mango,4.0,Metric Tonnes,Other,Local,1000.0,15000.0,12000.0,Rs./Quintal
Mango(Raw-Ripe),12.0,Metric Tonnes,Other,Local,1200.0,1800.0,1500.0,Rs./Quintal
Methi(Leaves),2.1,Metric Tonnes,Other,Local,500.0,1200.0,800.0,Rs./Quintal
Mousambi(Sweet Lime),1.5,Metric Tonnes,Other,Local,3000.0,4000.0,3500.0,Rs./Quintal
Onion,121.6,Metric Tonnes,Red,Local,200.0,1150.0,927.0,Rs./Quintal
Papaya,0.2,Metric Tonnes,Other,Local,1500.0,1500.0,1500.0,Rs./Quintal
Pomegranate,2.0,Metric Tonnes,Other,Local,8000.0,16000.0,12000.0,Rs./Quintal
Potato,50.0,Metric Tonnes,Other,Local,700.0,1200.0,900.0,Rs./Quintal
Soyabean,3.2,Metric Tonnes,Other,Local,5150.0,5250.0,5150.0,Rs./Quintal
Spinach,0.3,Metric Tonnes,Other,Local,2000.0,2000.0,2000.0,Rs./Quintal
Sweet Pumpkin,0.7,Metric Tonnes,Other,Local,2000.0,2000.0,2000.0,Rs./Quintal
Tomato,8.2,Metric Tonnes,Other,Local,300.0,700.0,500.0,Rs./Quintal
Wheat,3.7,Metric Tonnes,147 Average,Non-FAQ,2200.0,2200.0,2200.0,Rs./Quintal
Market Name : Jalgaon Jamod(Aasalgaon) APMC
Not Reported
Market Name : Jalgaon(Jamod) APMC
Not Reported
Market Name : Jalgaon(Masawat) APMC
Bengal Gram(Gram)(Whole),1.6,Metric Tonnes,Average (Whole),Non-FAQ,5300.0,5300.0,5300.0,Rs./Quintal
Jowar(Sorghum),8.0,Metric Tonnes,Other,Non-FAQ,2500.0,2925.0,2600.0,Rs./Quintal
Maize,16.0,Metric Tonnes,Deshi Red,Non-FAQ,1400.0,1625.0,1500.0,Rs./Quintal
Wheat,3.1,Metric Tonnes,147 Average,Non-FAQ,2100.0,2100.0,2100.0,Rs./Quintal
Market Name : Jalkot APMC
Not Reported
Market Name : Jalna(Badnapur) APMC
Not Reported
Market Name : Jamkhed APMC
NIL Transaction
Market Name : Jamner APMC
NIL Transaction
Market Name : Jamner(Neri) APMC
NIL Transaction
Market Name : Janata Agri Market (DLS Agro Infrastructure Pvt Lt APMC
Not Reported
Market Name : Jawala-Bajar APMC
Not Reported
Market Name : Jawali APMC
NIL Transaction
Market Name : Jaykissan Krushi Uttpan Khajgi Bazar  APMC
Not Reported
Market Name : Jaysingpur APMC
Not Reported
Market Name : Jintur APMC
NIL Transaction
Market Name : Junnar APMC
Not Reported
Market Name : Junnar(Alephata) APMC
Not Reported
Market Name : Junnar(Bhlhe) APMC
Not Reported
Market Name : Junnar(Narayangaon) APMC
Not Reported
Market Name : Junnar(Otur) APMC
Beans,3.0,Metric Tonnes,Other,Local,2000.0,5510.0,4500.0,Rs./Quintal
Beetroot,9.4,Metric Tonnes,Other,Local,500.0,1410.0,1200.0,Rs./Quintal
Bhindi(Ladies Finger),4.0,Metric Tonnes,Other,Local,1000.0,2700.0,2200.0,Rs./Quintal
Bitter gourd,4.6,Metric Tonnes,Other,Local,1000.0,2510.0,2000.0,Rs./Quintal
Brinjal,5.2,Metric Tonnes,Other,Local,500.0,1000.0,800.0,Rs./Quintal
Cabbage,14.4,Metric Tonnes,Other,Local,200.0,350.0,300.0,Rs./Quintal
Carrot,3.4,Metric Tonnes,Other,Local,500.0,1150.0,900.0,Rs./Quintal
Cauliflower,31.8,Metric Tonnes,Other,Local,500.0,1310.0,1000.0,Rs./Quintal
Chilly Capsicum,7.4,Metric Tonnes,Other,Local,1000.0,2600.0,2000.0,Rs./Quintal
Cucumbar(Kheera),43.1,Metric Tonnes,Other,Local,500.0,1310.0,1100.0,Rs./Quintal
Green Chilli,15.7,Metric Tonnes,Other,Local,3000.0,7910.0,6500.0,Rs./Quintal
Green Peas,17.4,Metric Tonnes,Other,Local,3000.0,6210.0,5000.0,Rs./Quintal
Guar,5.9,Metric Tonnes,Other,Local,3000.0,7000.0,6000.0,Rs./Quintal
Market Name : Kada APMC
Not Reported
Market Name : Kada(Ashti) APMC
Not Reported
Market Name : Kai Madhavrao Pawar Khajgi Krushi Utappan Bazar Sa APMC
Not Reported
Market Name : Kaij APMC
Not Reported
Market Name : Kalamb (Dharashiv) APMC
Not Reported
Market Name : Kalamb APMC
Not Reported
Market Name : Kalamnuri APMC
Not Reported
Market Name : Kalmeshwar APMC
Not Reported
Market Name : Kalvan APMC
Not Reported
Market Name : Kalyan APMC
Bajra(Pearl Millet/Cumbu),0.3,Metric Tonnes,Other,FAQ,2800.0,3000.0,2900.0,Rs./Quintal
Black Gram(Urd Beans)(Whole),0.3,Metric Tonnes,Mogan Medium,FAQ,10300.0,10800.0,10550.0,Rs./Quintal
Corriander seed,0.3,Metric Tonnes,Other,Local,8000.0,12000.0,10000.0,Rs./Quintal
Garlic,0.3,Metric Tonnes,Other,Local,5000.0,15000.0,10000.0,Rs./Quintal
Green Gram(Moong)(Whole),0.3,Metric Tonnes,Green (Whole),FAQ,8800.0,12000.0,10000.0,Rs./Quintal
Green Peas,0.3,Metric Tonnes,Other,Local,4500.0,6500.0,5500.0,Rs./Quintal
Ground Nut Seed,0.3,Metric Tonnes,Other,Local,14000.0,16000.0,15000.0,Rs./Quintal
Gur(Jaggery),0.3,Metric Tonnes,Other,Local,3500.0,4500.0,4000.0,Rs./Quintal
Mataki,0.3,Metric Tonnes,Other,Local,6000.0,8000.0,7000.0,Rs./Quintal
Onion,0.3,Metric Tonnes,1st Sort,Local,1200.0,1600.0,1400.0,Rs./Quintal
Potato,0.3,Metric Tonnes,Other,Local,1200.0,1600.0,1400.0,Rs./Quintal
Rice,0.3,Metric Tonnes,Other,Local,4000.0,8000.0,6000.0,Rs./Quintal
"Sesamum(Sesame,Gingelly,Til)",0.3,Metric Tonnes,White,FAQ,14000.0,18000.0,16000.0,Rs./Quintal
Wheat,0.3,Metric Tonnes,Sharbati,FAQ,2800.0,3200.0,3000.0,Rs./Quintal
Market Name : Kalyan(Cattle Market) APMC
NIL Transaction
Market Name : Kamthi APMC
Bhindi(Ladies Finger),0.6,Metric Tonnes,Other,Local,3060.0,3560.0,3310.0,Rs./Quintal
Bottle gourd,0.3,Metric Tonnes,Other,Local,1040.0,1540.0,1290.0,Rs./Quintal
Brinjal,2.1,Metric Tonnes,Other,Local,1010.0,1510.0,1260.0,Rs./Quintal
Cabbage,0.6,Metric Tonnes,Other,Local,1040.0,1540.0,1290.0,Rs./Quintal
Carrot,0.2,Metric Tonnes,Other,Local,3060.0,3560.0,3310.0,Rs./Quintal
Cauliflower,1.0,Metric Tonnes,Other,Local,1040.0,1540.0,1290.0,Rs./Quintal
Chilly Capsicum,0.1,Metric Tonnes,Other,Local,4040.0,4540.0,4290.0,Rs./Quintal
Coriander(Leaves),1.4,Bundle,Other,Local,2040.0,2540.0,2290.0,Rs./Bundle
Cucumbar(Kheera),0.3,Metric Tonnes,Other,Local,1530.0,2030.0,1780.0,Rs./Quintal
Ginger(Green),0.3,Metric Tonnes,Other,Local,5060.0,6050.0,5555.0,Rs./Quintal
Green Chilli,1.3,Metric Tonnes,Other,Local,3020.0,3520.0,3270.0,Rs./Quintal
Green Peas,0.1,Metric Tonnes,Other,Local,3060.0,3560.0,3310.0,Rs./Quintal
Guar,0.1,Metric Tonnes,Other,Local,6050.0,6550.0,6300.0,Rs./Quintal
Methi(Leaves),1.0,Metric Tonnes,Other,Local,2040.0,2540.0,2290.0,Rs./Quintal
Onion,1.2,Metric Tonnes,Local,Local,2060.0,2560.0,2310.0,Rs./Quintal
Potato,1.4,Metric Tonnes,Local,Local,2050.0,2550.0,2300.0,Rs./Quintal
Pumpkin,0.1,Metric Tonnes,Other,Local,1040.0,1540.0,1290.0,Rs./Quintal
Spinach,1.0,Metric Tonnes,Other,Local,1020.0,1520.0,1270.0,Rs./Quintal
Tomato,2.4,Metric Tonnes,Local,Local,810.0,1010.0,910.0,Rs./Quintal
Market Name : Kandhar APMC
Not Reported
Market Name : Kannad APMC
Not Reported
Market Name : Karad APMC
Beans,0.3,Metric Tonnes,Other,Local,4000.0,5000.0,5000.0,Rs./Quintal
Bhindi(Ladies Finger),0.6,Metric Tonnes,Other,Local,2000.0,3000.0,3000.0,Rs./Quintal
Bitter gourd,0.9,Metric Tonnes,Other,Local,1000.0,2000.0,2000.0,Rs./Quintal
Bottle gourd,0.3,Metric Tonnes,Other,Local,800.0,1200.0,1200.0,Rs./Quintal
Brinjal,1.8,Metric Tonnes,Other,Local,1000.0,1500.0,1500.0,Rs./Quintal
Cabbage,1.2,Metric Tonnes,Other,Local,500.0,1000.0,1000.0,Rs./Quintal
Cauliflower,1.2,Metric Tonnes,Other,Local,1500.0,1800.0,1800.0,Rs./Quintal
Chilly Capsicum,2.4,Metric Tonnes,Other,Local,2500.0,3000.0,3000.0,Rs./Quintal
Cucumbar(Kheera),3.0,Metric Tonnes,Other,Local,1500.0,2000.0,2000.0,Rs./Quintal
Drumstick,0.6,Metric Tonnes,Other,Local,4000.0,5000.0,5000.0,Rs./Quintal
Ginger(Green),7.8,Metric Tonnes,Other,Local,3000.0,4000.0,4000.0,Rs./Quintal
Green Chilli,0.6,Metric Tonnes,Other,Local,4000.0,4500.0,4500.0,Rs./Quintal
Guar,0.6,Metric Tonnes,Other,Local,3000.0,4000.0,4000.0,Rs./Quintal
Onion,9.9,Metric Tonnes,Other,Local,800.0,1300.0,1300.0,Rs./Quintal
Peas Wet,1.2,Metric Tonnes,Other,Local,1500.0,2500.0,2500.0,Rs./Quintal
Ridgeguard(Tori),1.2,Metric Tonnes,Other,Local,2000.0,3000.0,3000.0,Rs./Quintal
Tomato,0.9,Metric Tonnes,Other,Local,800.0,1500.0,1500.0,Rs./Quintal
Market Name : Karanja APMC
NIL Transaction
Market Name : Karjat APMC
Not Reported
Market Name : Karjat(Raigad) APMC
Paddy(Common),14.3,Metric Tonnes,Other,FAQ,2369.0,2450.0,2400.0,Rs./Quintal
Rice,44.6,Metric Tonnes,Other,Local,3600.0,5200.0,4700.0,Rs./Quintal
Market Name : Karjat(Rashin) APMC
Not Reported
Market Name : Karmala APMC
Not Reported
Market Name : Katol APMC
Arhar(Tur/Red Gram)(Whole),62.0,Metric Tonnes,Other,Non-FAQ,6700.0,7726.0,7450.0,Rs./Quintal
Bengal Gram(Gram)(Whole),24.0,Metric Tonnes,Other,Non-FAQ,5070.0,5301.0,5200.0,Rs./Quintal
Cotton,11.0,Metric Tonnes,Desi,Local,7000.0,7900.0,7600.0,Rs./Quintal
Soyabean,35.0,Metric Tonnes,Yellow,FAQ,5350.0,5578.0,5450.0,Rs./Quintal
Wheat,20.5,Metric Tonnes,Other,Non-FAQ,2000.0,2375.0,2250.0,Rs./Quintal
Market Name : Kej APMC
Not Reported
Market Name : Keshranand Cotex  APMC
Not Reported
Market Name : Khalapur (Shil-Phata) APMC
NIL Transaction
Market Name : Khamgaon APMC
Not Reported
Market Name : Khed APMC
Cabbage,2.9,Metric Tonnes,Other,Local,400.0,700.0,600.0,Rs./Quintal
Cauliflower,3.2,Metric Tonnes,Other,Local,500.0,1600.0,1000.0,Rs./Quintal
Coriander(Leaves),8800.0,Bundle,Other,Local,500.0,1000.0,700.0,Rs./Bundle
Cucumbar(Kheera),3.5,Metric Tonnes,Other,Local,500.0,2000.0,1000.0,Rs./Quintal
Market Name : Khed(Chakan) APMC
Not Reported
Market Name : Khed(Shel Pimpalgaon) APMC
NIL Transaction
Market Name : Khultabad APMC
NIL Transaction
Market Name : Kille Dharur APMC
Not Reported
Market Name : Kinwat APMC
Not Reported
Market Name : Kisan Market Yard APMC
Not Reported
Market Name : Kisan Seva Private Market APMC
Not Reported
Market Name : Kolhapur APMC
Apple,0.7,Metric Tonnes,Other,Local,12500.0,17500.0,15000.0,Rs./Quintal
Brinjal,5.2,Metric Tonnes,Other,Local,1000.0,2000.0,1500.0,Rs./Quintal
Cabbage,14.2,Metric Tonnes,Other,Local,400.0,800.0,600.0,Rs./Quintal
Cauliflower,6.6,Metric Tonnes,Other,Local,500.0,1000.0,750.0,Rs./Quintal
Coriander(Leaves),4.6,Bundle,Other,Local,2000.0,3000.0,2500.0,Rs./Bundle
Green Chilli,9.1,Metric Tonnes,Other,Local,4000.0,6000.0,5000.0,Rs./Quintal
Lime,1.2,Metric Tonnes,Other,Local,5000.0,10000.0,7500.0,Rs./Quintal
Mousambi(Sweet Lime),0.9,Metric Tonnes,Other,Local,1800.0,6000.0,4200.0,Rs./Quintal
Onion,1183.4,Metric Tonnes,Other,Local,500.0,1300.0,1000.0,Rs./Quintal
Tomato,33.4,Metric Tonnes,Other,Local,500.0,1500.0,1000.0,Rs./Quintal
Market Name : Kolhapur(Laxmipuri) APMC
Ground Nut Seed,6.4,Metric Tonnes,Other,Local,7000.0,10000.0,8500.0,Rs./Quintal
Jowar(Sorghum),5.7,Metric Tonnes,Other,Local,3900.0,5300.0,4600.0,Rs./Quintal
Rice,4.2,Metric Tonnes,1009 Kar,Local,2700.0,8900.0,5800.0,Rs./Quintal
Wheat,57.4,Metric Tonnes,Other,FAQ,3045.0,4500.0,3772.0,Rs./Quintal
Market Name : Kolhapur(Malkapur) APMC
NIL Transaction
Market Name : Kopargaon APMC
NIL Transaction
Market Name : Koregaon APMC
NIL Transaction
Market Name : Korpana APMC
Not Reported
Market Name : Krushna Krishi Bazar  APMC
Not Reported
Market Name : Kundalwadi APMC
Not Reported
Market Name : Kuntur APMC
Not Reported
Market Name : Kurdwadi APMC
Maize,33.1,Metric Tonnes,Other,FAQ,2400.0,2400.0,2400.0,Rs./Quintal
Market Name : Kurdwadi(Modnimb) APMC
Onion,58.9,Metric Tonnes,Red,Local,100.0,1100.0,700.0,Rs./Quintal
Market Name : Lakhandur APMC
NIL Transaction
Market Name : Lakhani APMC
NIL Transaction
Market Name : Lasalgaon APMC
Not Reported
Market Name : Lasalgaon(Niphad) APMC
Not Reported
Market Name : Lasalgaon(Vinchur) APMC
NIL Transaction
Market Name : Lasur Station APMC
Onion,650.0,Metric Tonnes,Other,Local,200.0,1158.0,750.0,Rs./Quintal
Market Name : Late Vasantraoji Dandale Khajgi Krushi Bazar APMC
Not Reported
Market Name : Latur APMC
Not Reported
Market Name : Latur(Murud) APMC
Not Reported
Market Name : Laxmi Krushi Utpanna Khjgi Bajar APMC
Not Reported
Market Name : Laxmi Sopan Agriculture Produce Marketing Co Ltd APMC
Not Reported
Market Name : Loha APMC
Arhar(Tur/Red Gram)(Whole),1.3,Metric Tonnes,Other,Non-FAQ,6811.0,7611.0,7600.0,Rs./Quintal
Bengal Gram(Gram)(Whole),2.3,Metric Tonnes,Other,Non-FAQ,5200.0,5300.0,5251.0,Rs./Quintal
Jowar(Sorghum),3.8,Metric Tonnes,Other,Non-FAQ,2400.0,3451.0,2650.0,Rs./Quintal
Soyabean,1.3,Metric Tonnes,Other,Local,4800.0,5300.0,5281.0,Rs./Quintal
Tamarind Fruit,0.4,Metric Tonnes,Other,Local,8000.0,9700.0,8450.0,Rs./Quintal
Turmeric,1.1,Metric Tonnes,Rajapuri,Local,10000.0,12251.0,11600.0,Rs./Quintal
Wheat,1.9,Metric Tonnes,Other,Non-FAQ,2150.0,2455.0,2300.0,Rs./Quintal
Wheat,0.6,Metric Tonnes,Other,FAQ,2600.0,2800.0,2600.0,Rs./Quintal
Market Name : Lonand APMC
Not Reported
Market Name : Lonar APMC
NIL Transaction
Market Name : MS Kalpana Agri Commodities Marketing APMC
Not Reported
Market Name : Mahad APMC
Not Reported
Market Name : Mahagaon APMC
Not Reported
Market Name : Maharaja Agresen Private Krushi Utappan Bazar Sama APMC
Not Reported
Market Name : Maharashtra Agricultural Farm APMC
Not Reported
Market Name : Mahavir Agri Market APMC
Not Reported
Market Name : Mahavir Agriculture Produce Market  APMC
Not Reported
Market Name : Mahavira Agricare APMC
Not Reported
"Market Name : Mahesh Krushi Utpanna Bazar, Digras APMC"
NIL Transaction - Public Holiday
Market Name : Mahur APMC
Not Reported
Market Name : Majalgaon APMC
NIL Transaction
Market Name : Malegaon APMC
NIL Transaction
Market Name : Malegaon(Vashim) APMC
Not Reported
Market Name : Malharshree Farmers Producer Co Ltd APMC
Onion,181.3,Metric Tonnes,Red,Local,368.0,1242.0,952.0,Rs./Quintal
Market Name : Malkapur APMC
NIL Transaction
Market Name : Manchar APMC
Not Reported
Market Name : Mandhal APMC
Not Reported
Market Name : Mangal Wedha APMC
Bhindi(Ladies Finger),1.2,Metric Tonnes,Other,Local,2500.0,4800.0,3500.0,Rs./Quintal
Bitter gourd,1.1,Metric Tonnes,Other,Local,1500.0,3200.0,2500.0,Rs./Quintal
Brinjal,3.6,Metric Tonnes,Other,Local,500.0,4800.0,2100.0,Rs./Quintal
Coriander(Leaves),6040.0,Bundle,Other,Local,2.0,10.0,6.0,Rs./Bundle
Cucumbar(Kheera),2.2,Metric Tonnes,Other,Local,400.0,4200.0,2100.0,Rs./Quintal
Green Chilli,1.7,Metric Tonnes,Other,Local,2500.0,6200.0,5000.0,Rs./Quintal
Onion,15.1,Metric Tonnes,Local,Local,200.0,1100.0,1000.0,Rs./Quintal
Ridgeguard(Tori),1.2,Metric Tonnes,Other,Local,500.0,4700.0,3000.0,Rs./Quintal
Tomato,5.6,Metric Tonnes,Local,Local,300.0,1400.0,800.0,Rs./Quintal
Market Name : Mangaon APMC
Rice,5.6,Metric Tonnes,Other,Local,1900.0,4800.0,3800.0,Rs./Quintal
Market Name : Mangrulpeer APMC
NIL Transaction
Market Name : Mankamneshwar Farmar Producer CoLtd Sanchalit Mank APMC
Not Reported
Market Name : Manmad APMC
Not Reported
Market Name : Manora APMC
Not Reported
Market Name : Mantha APMC
Not Reported
Market Name : Manwat APMC
Not Reported
Market Name : Marathawada Shetkari Khajgi Bazar Parisar APMC
Cotton,9.16,Metric Tonnes,Other,Local,7540.0,7650.0,7600.0,Rs./Quintal
Market Name : Maregoan APMC
Not Reported
Market Name : Mauda APMC
Not Reported
Market Name : Mehekar APMC
NIL Transaction
Market Name : Mohol APMC
Bengal Gram(Gram)(Whole),5.0,Metric Tonnes,Other,Non-FAQ,4500.0,5500.0,5000.0,Rs./Quintal
Maize,7.0,Metric Tonnes,Deshi Red,Non-FAQ,1800.0,2000.0,1900.0,Rs./Quintal
Market Name : Morshi APMC
Arhar(Tur/Red Gram)(Whole),120.0,Metric Tonnes,Other,Non-FAQ,7300.0,7700.0,7500.0,Rs./Quintal
Bengal Gram(Gram)(Whole),50.0,Metric Tonnes,Other,Non-FAQ,5000.0,5200.0,5100.0,Rs./Quintal
Maize,20.0,Metric Tonnes,Other,Non-FAQ,1300.0,1350.0,1325.0,Rs./Quintal
Soyabean,10.0,Metric Tonnes,Other,Local,4500.0,5000.0,4750.0,Rs./Quintal
Wheat,30.0,Metric Tonnes,Other,Non-FAQ,2100.0,2350.0,2225.0,Rs./Quintal
Market Name : Motala APMC
Not Reported
Market Name : Mudkhed APMC
Not Reported
Market Name : Mukhed APMC
Not Reported
Market Name : Mukhed(Mukkambad) APMC
Not Reported
Market Name : Mul APMC
Paddy(Common),119.6,Metric Tonnes,Other,FAQ,2775.0,3062.0,2890.0,Rs./Quintal
Market Name : Mulshi APMC
Not Reported
Market Name : Mumbai APMC
Arhar Dal(Tur Dal),167.9,Metric Tonnes,Other,Local,8000.0,11000.0,10000.0,Rs./Quintal
Bajra(Pearl Millet/Cumbu),31.7,Metric Tonnes,Other,FAQ,2800.0,4500.0,4000.0,Rs./Quintal
Banana - Green,14.0,Metric Tonnes,Other,Local,2200.0,2600.0,2400.0,Rs./Quintal
Beans,6.0,Metric Tonnes,Other,Local,4000.0,5000.0,4500.0,Rs./Quintal
Beetroot,6.5,Metric Tonnes,Other,Local,1000.0,1600.0,1300.0,Rs./Quintal
Bengal Gram Dal(Chana Dal),36.6,Metric Tonnes,Other,Local,6700.0,7500.0,7150.0,Rs./Quintal
Bengal Gram(Gram)(Whole),100.8,Metric Tonnes,Other,FAQ,6000.0,7500.0,7200.0,Rs./Quintal
Bhindi(Ladies Finger),115.7,Metric Tonnes,Other,Local,3600.0,4200.0,3900.0,Rs./Quintal
Bitter gourd,61.7,Metric Tonnes,Other,Local,1800.0,2600.0,2200.0,Rs./Quintal
Black Gram Dal(Urd Dal),51.9,Metric Tonnes,Other,Local,8500.0,10700.0,10250.0,Rs./Quintal
Black Gram(Urd Beans)(Whole),7.2,Metric Tonnes,Other,FAQ,8000.0,11000.0,9250.0,Rs./Quintal
Bottle gourd,43.1,Metric Tonnes,Other,Local,1000.0,1600.0,1300.0,Rs./Quintal
Brinjal,58.9,Metric Tonnes,Other,Local,1000.0,2000.0,1500.0,Rs./Quintal
Cabbage,136.6,Metric Tonnes,Other,Local,300.0,700.0,500.0,Rs./Quintal
Carrot,227.9,Metric Tonnes,Other,Local,1400.0,2000.0,1700.0,Rs./Quintal
Cauliflower,133.2,Metric Tonnes,Other,Local,800.0,1200.0,1000.0,Rs./Quintal
Chili Red,36.8,Metric Tonnes,Other,Local,15000.0,17000.0,16000.0,Rs./Quintal
Chilly Capsicum,96.6,Metric Tonnes,Other,Local,2600.0,3600.0,3100.0,Rs./Quintal
Cinamon(Dalchini),1.0,Metric Tonnes,Other,Local,45000.0,75000.0,60000.0,Rs./Quintal
Coconut,97.4,Metric Tonnes,Other,FAQ,3600.0,6800.0,5200.0,Rs./Quintal
Coriander(Leaves),80.4,Bundle,Other,Local,600.0,1000.0,800.0,Rs./Bundle
Corriander seed,59.3,Metric Tonnes,Other,Local,12500.0,20000.0,13000.0,Rs./Quintal
Cowpea(Lobia/Karamani),13.7,Metric Tonnes,Other,Local,7000.0,10500.0,9600.0,Rs./Quintal
Cucumbar(Kheera),97.7,Metric Tonnes,Other,Local,1600.0,2000.0,1800.0,Rs./Quintal
Cummin Seed(Jeera),1.5,Metric Tonnes,Other,Local,24000.0,30000.0,27000.0,Rs./Quintal
Drumstick,54.0,Metric Tonnes,Other,Local,2000.0,2600.0,2300.0,Rs./Quintal
Elephant Yam(Suran)/Amorphophallus,5.0,Metric Tonnes,Other,Local,3600.0,4400.0,4000.0,Rs./Quintal
French Beans(Frasbean),32.0,Metric Tonnes,Other,Local,2600.0,3600.0,3100.0,Rs./Quintal
Ginger(Green),74.2,Metric Tonnes,Other,Local,4000.0,5800.0,4900.0,Rs./Quintal
Green Chilli,127.3,Metric Tonnes,Other,Local,4000.0,7000.0,5500.0,Rs./Quintal
Green Gram Dal(Moong Dal),0.4,Metric Tonnes,Other,Local,7000.0,12500.0,10800.0,Rs./Quintal
Green Gram(Moong)(Whole),272.0,Metric Tonnes,Other,FAQ,8900.0,12000.0,10500.0,Rs./Quintal
Green Peas,4.5,Metric Tonnes,White Fozi,Local,3800.0,6000.0,5700.0,Rs./Quintal
Ground Nut Seed,31.8,Metric Tonnes,Other,Local,8000.0,15000.0,12500.0,Rs./Quintal
Guar,12.0,Metric Tonnes,Other,Local,3000.0,6000.0,4500.0,Rs./Quintal
Jowar(Sorghum),243.2,Metric Tonnes,Other,Local,2600.0,6500.0,5150.0,Rs./Quintal
Lentil(Masur)(Whole),125.2,Metric Tonnes,Other,FAQ,7100.0,9500.0,9050.0,Rs./Quintal
Lime,51.6,Metric Tonnes,Other,Local,3500.0,4500.0,4000.0,Rs./Quintal
Little gourd(Kundru),54.8,Metric Tonnes,Other,Local,2000.0,3000.0,2500.0,Rs./Quintal
Maize,0.3,Metric Tonnes,Other,FAQ,2500.0,3800.0,3250.0,Rs./Quintal
Mango(Raw-Ripe),69.6,Metric Tonnes,Other,Local,2000.0,3000.0,2500.0,Rs./Quintal
Masur Dal,20.3,Metric Tonnes,Other,Local,6000.0,8000.0,7500.0,Rs./Quintal
Methi(Leaves),18.8,Metric Tonnes,Other,Local,600.0,1000.0,800.0,Rs./Quintal
Mint(Pudina),18.8,Bundle,Other,Local,300.0,400.0,350.0,Rs./Bundle
Mustard,7.6,Metric Tonnes,Other,FAQ,6500.0,9500.0,8000.0,Rs./Quintal
Onion Green,34.3,Metric Tonnes,Other,Local,400.0,600.0,500.0,Rs./Quintal
Peas Wet,47.5,Metric Tonnes,Other,Local,5000.0,6000.0,5500.0,Rs./Quintal
Pumpkin,3.0,Metric Tonnes,Other,Local,1000.0,1600.0,1300.0,Rs./Quintal
Raddish,2.4,Metric Tonnes,Other,Local,3000.0,4000.0,3500.0,Rs./Quintal
Rice,2492.6,Metric Tonnes,Other,Local,3000.0,6000.0,4500.0,Rs./Quintal
Ridgeguard(Tori),32.4,Metric Tonnes,Other,Local,2000.0,3000.0,2500.0,Rs./Quintal
Sabu Dan,85.5,Metric Tonnes,Other,Local,4000.0,5400.0,5150.0,Rs./Quintal
Snakeguard,1.2,Metric Tonnes,Other,Local,1600.0,2000.0,1800.0,Rs./Quintal
Soanf,1.1,Metric Tonnes,Other,Local,11000.0,26000.0,18500.0,Rs./Quintal
Spinach,76.8,Metric Tonnes,Other,Local,500.0,800.0,650.0,Rs./Quintal
Sugar,160.0,Metric Tonnes,Other,Local,4050.0,4800.0,4425.0,Rs./Quintal
Sweet Potato,32.1,Metric Tonnes,Other,Local,1600.0,2000.0,1800.0,Rs./Quintal
Sweet Pumpkin,123.0,Metric Tonnes,Other,Local,1200.0,1600.0,1400.0,Rs./Quintal
Tomato,222.4,Metric Tonnes,Other,Local,1200.0,1600.0,1400.0,Rs./Quintal
Wheat,1484.1,Metric Tonnes,Other,FAQ,2900.0,5600.0,4050.0,Rs./Quintal
Market Name : Mumbai- Fruit Market APMC
Chikoos(Sapota),3.6,Metric Tonnes,Other,Local,4500.0,5500.0,5000.0,Rs./Quintal
Grapes,0.7,Metric Tonnes,Other,Local,8000.0,14000.0,11000.0,Rs./Quintal
Karbuja(Musk Melon),50.0,Metric Tonnes,Other,Local,2000.0,3000.0,2500.0,Rs./Quintal
Mango,112.0,Metric Tonnes,Other,Local,6000.0,40000.0,23000.0,Rs./Quintal
Mousambi(Sweet Lime),92.0,Metric Tonnes,Other,Local,2000.0,5000.0,3500.0,Rs./Quintal
Orange,30.6,Metric Tonnes,Other,Local,4000.0,7000.0,5500.0,Rs./Quintal
Papaya,29.0,Metric Tonnes,Other,Local,800.0,2000.0,1400.0,Rs./Quintal
Pineapple,155.0,Metric Tonnes,Other,Local,3000.0,6000.0,4500.0,Rs./Quintal
Pomegranate,13.9,Metric Tonnes,Other,Local,8000.0,16000.0,12000.0,Rs./Quintal
Water Melon,569.0,Metric Tonnes,Other,Local,1500.0,2000.0,1750.0,Rs./Quintal
Market Name : Mumbai- Thane Market APMC
NIL Transaction
Market Name : Mumbai-Onion And Potato Mkt APMC
Not Reported
Market Name : Murbad APMC
Not Reported
Market Name : Murtizapur APMC
NIL Transaction
Market Name : Murud APMC
Rice,1.0,Metric Tonnes,Other,Local,2500.0,2700.0,2600.0,Rs./Quintal
Market Name : Murum APMC
Arhar(Tur/Red Gram)(Whole),17.0,Metric Tonnes,Other,Non-FAQ,7400.0,7400.0,7400.0,Rs./Quintal
Arhar(Tur/Red Gram)(Whole),0.2,Metric Tonnes,Other,FAQ,8383.0,8383.0,8383.0,Rs./Quintal
Bengal Gram(Gram)(Whole),12.7,Metric Tonnes,Other,Non-FAQ,5081.0,5410.0,5243.0,Rs./Quintal
Jowar(Sorghum),1.3,Metric Tonnes,Jowar ( White),Local,2100.0,3713.0,3022.0,Rs./Quintal
Safflower,4.1,Metric Tonnes,Other,Non-FAQ,4991.0,5200.0,5105.0,Rs./Quintal
Soyabean,5.0,Metric Tonnes,Yellow,Non-FAQ,4711.0,5300.0,5071.0,Rs./Quintal
Wheat,7.2,Metric Tonnes,Bansi,Non-FAQ,2163.0,2511.0,2348.0,Rs./Quintal
Market Name : N N Mundhada Agriculture Market Produce  APMC
Arhar(Tur/Red Gram)(Whole),20.62,Metric Tonnes,Other,Local,7000.0,7650.0,7304.0,Rs./Quintal
Bengal Gram(Gram)(Whole),7.65,Metric Tonnes,Other,Local,4500.0,5300.0,5028.0,Rs./Quintal
Soyabean,25.77,Metric Tonnes,Other,Local,5000.0,5400.0,5231.0,Rs./Quintal
Turmeric,42.16,Metric Tonnes,Other,Local,11800.0,22000.0,12506.0,Rs./Quintal
Market Name : NCDEX Spot Exchange  APMC
Not Reported
Market Name : Nagbhid APMC
NIL Transaction
Market Name : Nagpur APMC
Apple,3.9,Metric Tonnes,Simla,Local,6000.0,7000.0,6750.0,Rs./Quintal
Arhar(Tur/Red Gram)(Whole),512.1,Metric Tonnes,Other,Non-FAQ,7400.0,7999.0,7850.0,Rs./Quintal
Banana,2.2,Metric Tonnes,Khandesh,Local,450.0,550.0,525.0,Rs./Quintal
Beetroot,3.0,Metric Tonnes,Other,Local,1000.0,1500.0,1325.0,Rs./Quintal
Bengal Gram(Gram)(Whole),361.6,Metric Tonnes,Other,Non-FAQ,5000.0,5476.0,5337.0,Rs./Quintal
Bhindi(Ladies Finger),13.0,Metric Tonnes,Other,Local,2000.0,3000.0,2750.0,Rs./Quintal
Bitter gourd,3.0,Metric Tonnes,Other,Local,3500.0,4000.0,3875.0,Rs./Quintal
Bottle gourd,20.0,Metric Tonnes,Other,Local,300.0,800.0,675.0,Rs./Quintal
Brinjal,25.0,Metric Tonnes,Other,Local,800.0,1300.0,1200.0,Rs./Quintal
Cabbage,40.0,Metric Tonnes,Other,Local,300.0,500.0,450.0,Rs./Quintal
Carrot,11.0,Metric Tonnes,Other,Local,1000.0,1500.0,1325.0,Rs./Quintal
Cauliflower,45.0,Metric Tonnes,Other,Local,300.0,800.0,675.0,Rs./Quintal
Chikoos(Sapota),33.6,Metric Tonnes,Other,Local,1000.0,3000.0,2500.0,Rs./Quintal
Chilly Capsicum,20.0,Metric Tonnes,Other,Local,2000.0,2500.0,2325.0,Rs./Quintal
Coriander(Leaves),30.0,Bundle,Other,Local,1500.0,2000.0,1875.0,Rs./Bundle
Corriander seed,2.2,Metric Tonnes,Other,Local,9800.0,10200.0,10100.0,Rs./Quintal
Cucumbar(Kheera),35.0,Metric Tonnes,Other,Local,500.0,700.0,650.0,Rs./Quintal
Garlic,112.0,Metric Tonnes,Other,Local,1500.0,9500.0,7500.0,Rs./Quintal
Ginger(Green),72.0,Metric Tonnes,Other,Local,2700.0,3100.0,3000.0,Rs./Quintal
Grapes,12.8,Metric Tonnes,Other,Local,4000.0,6000.0,5500.0,Rs./Quintal
Green Chilli,40.0,Metric Tonnes,Other,Local,2000.0,3500.0,3125.0,Rs./Quintal
Guar,8.0,Metric Tonnes,Other,Local,3000.0,4000.0,3750.0,Rs./Quintal
Guava,3.0,Metric Tonnes,Other,Local,1500.0,3000.0,2625.0,Rs./Quintal
Jack Fruit(Ripe),22.0,Metric Tonnes,Other,Local,2000.0,2200.0,2150.0,Rs./Quintal
Jowar(Sorghum),0.3,Metric Tonnes,Other,Non-FAQ,3200.0,3500.0,3425.0,Rs./Quintal
Little gourd(Kundru),3.0,Metric Tonnes,Other,Local,3500.0,4000.0,3875.0,Rs./Quintal
Maize,9.1,Metric Tonnes,Other,Non-FAQ,1500.0,1700.0,1650.0,Rs./Quintal
Mango,502.7,Metric Tonnes,Other,Local,4000.0,8000.0,7000.0,Rs./Quintal
Mango(Raw-Ripe),15.0,Metric Tonnes,Other,Local,2500.0,4000.0,3250.0,Rs./Quintal
Methi(Leaves),3.5,Metric Tonnes,Other,Local,1500.0,2000.0,1875.0,Rs./Quintal
Mousambi(Sweet Lime),45.0,Metric Tonnes,Other,Local,1600.0,2100.0,1975.0,Rs./Quintal
Onion,100.0,Metric Tonnes,White,Local,1300.0,1400.0,1375.0,Rs./Quintal
Onion,208.0,Metric Tonnes,Red,Local,1000.0,1400.0,1325.0,Rs./Quintal
Orange,6.7,Metric Tonnes,Other,Local,4500.0,5000.0,4875.0,Rs./Quintal
Pineapple,45.2,Metric Tonnes,Other,Local,1000.0,3000.0,2500.0,Rs./Quintal
Pomegranate,111.6,Metric Tonnes,Other,Local,2000.0,6000.0,5000.0,Rs./Quintal
Potato,367.5,Metric Tonnes,Local,Local,600.0,1000.0,900.0,Rs./Quintal
Pumpkin,4.0,Metric Tonnes,Other,Local,1000.0,1200.0,1150.0,Rs./Quintal
Raddish,3.0,Metric Tonnes,Other,Local,1000.0,1500.0,1325.0,Rs./Quintal
Rice,10.0,Metric Tonnes,Other,Local,3500.0,3800.0,3725.0,Rs./Quintal
Soyabean,11.0,Metric Tonnes,Other,Local,4800.0,5500.0,5325.0,Rs./Quintal
Spinach,7.0,Metric Tonnes,Other,Local,800.0,1200.0,1100.0,Rs./Quintal
Sweet Potato,6.0,Metric Tonnes,Other,Local,1000.0,1200.0,1150.0,Rs./Quintal
Tomato,50.0,Metric Tonnes,Other,Local,1000.0,1200.0,1150.0,Rs./Quintal
Tomato,50.0,Metric Tonnes,Local,Local,700.0,1000.0,925.0,Rs./Quintal
Wheat,238.2,Metric Tonnes,Other,Non-FAQ,2050.0,2266.0,2212.0,Rs./Quintal
Wheat,200.0,Metric Tonnes,Sharbati,FAQ,3000.0,3500.0,3250.0,Rs./Quintal
Market Name : Nagpur(Mahatma Phule Market) APMC
Not Reported
Market Name : Naigaon APMC
Not Reported
Market Name : Nampur APMC
NIL Transaction
Market Name : Nanded APMC
Not Reported
Market Name : Nandgaon APMC
Arhar(Tur/Red Gram)(Whole),0.7,Metric Tonnes,Other,Non-FAQ,3100.0,7251.0,6950.0,Rs./Quintal
Bajra(Pearl Millet/Cumbu),0.9,Metric Tonnes,Other,Non-FAQ,1620.0,2774.0,2750.0,Rs./Quintal
Maize,165.9,Metric Tonnes,Yellow,Non-FAQ,1400.0,1742.0,1650.0,Rs./Quintal
Tamarind Fruit,1.1,Metric Tonnes,Other,Local,2099.0,10001.0,4550.0,Rs./Quintal
Wheat,11.1,Metric Tonnes,Maharashtra 2189,Non-FAQ,2140.0,2397.0,2150.0,Rs./Quintal
Market Name : Nandgaon Khandeshwar APMC
Not Reported
Market Name : Nandubar(Koparli) APMC
Not Reported
Market Name : Nandura APMC
Not Reported
Market Name : Nandurbar APMC
Not Reported
Market Name : Narkhed APMC
Cotton,9.7,Metric Tonnes,Other,Local,7410.0,7650.0,7500.0,Rs./Quintal
Market Name : Nashik(Devlali) APMC
Coriander(Leaves),3.5,Bundle,Other,Local,350.0,900.0,750.0,Rs./Bundle
Methi(Leaves),2.6,Metric Tonnes,Other,Local,300.0,850.0,600.0,Rs./Quintal
Onion Green,4.0,Metric Tonnes,Other,Local,450.0,1000.0,850.0,Rs./Quintal
Raddish,8.1,Metric Tonnes,Other,Local,1050.0,2050.0,1700.0,Rs./Quintal
Spinach,1.1,Metric Tonnes,Other,Local,150.0,450.0,350.0,Rs./Quintal
Market Name : Nasik APMC
Banana,10.0,Metric Tonnes,Khandesh,Local,800.0,1900.0,1600.0,Rs./Quintal
Beans,77.6,Metric Tonnes,Other,Local,3000.0,4000.0,3500.0,Rs./Quintal
Bhindi(Ladies Finger),5.3,Metric Tonnes,Other,Local,835.0,1920.0,1460.0,Rs./Quintal
Bitter gourd,9.9,Metric Tonnes,Other,Local,1915.0,3750.0,2835.0,Rs./Quintal
Bottle gourd,111.4,Metric Tonnes,Other,Local,335.0,1100.0,735.0,Rs./Quintal
Brinjal,36.9,Metric Tonnes,Other,Local,1400.0,3100.0,2600.0,Rs./Quintal
Cabbage,83.6,Metric Tonnes,Other,Local,330.0,660.0,500.0,Rs./Quintal
Carrot,14.5,Metric Tonnes,Other,Local,700.0,1200.0,1000.0,Rs./Quintal
Cauliflower,72.3,Metric Tonnes,Other,Local,430.0,1285.0,785.0,Rs./Quintal
Chikoos(Sapota),4.0,Metric Tonnes,Other,Local,1600.0,5000.0,3500.0,Rs./Quintal
Chilly Capsicum,40.3,Metric Tonnes,Other,Local,1250.0,3750.0,2500.0,Rs./Quintal
Coriander(Leaves),47.6,Bundle,Other,Local,1500.0,4800.0,3500.0,Rs./Bundle
Cucumbar(Kheera),71.4,Metric Tonnes,Other,Local,650.0,1325.0,1000.0,Rs./Quintal
Garlic,6.7,Metric Tonnes,Other,Local,3000.0,10500.0,7200.0,Rs./Quintal
Ginger(Green),3.7,Metric Tonnes,Other,Local,4500.0,5500.0,5000.0,Rs./Quintal
Green Chilli,10.7,Metric Tonnes,Other,Local,4500.0,6500.0,6000.0,Rs./Quintal
Guar,1.2,Metric Tonnes,Other,Local,3335.0,6670.0,5835.0,Rs./Quintal
Guava,4.5,Metric Tonnes,Other,Local,2000.0,5500.0,4500.0,Rs./Quintal
Karbuja(Musk Melon),7.0,Metric Tonnes,Other,Local,900.0,2000.0,1800.0,Rs./Quintal
Lime,7.4,Metric Tonnes,Other,Local,5000.0,7500.0,6500.0,Rs./Quintal
Methi(Leaves),17.1,Metric Tonnes,Other,Local,700.0,2200.0,1450.0,Rs./Quintal
Onion,242.0,Metric Tonnes,Pole,Local,350.0,1300.0,900.0,Rs./Quintal
Onion Green,28.1,Metric Tonnes,Other,Local,700.0,2200.0,1500.0,Rs./Quintal
Papaya,2.0,Metric Tonnes,Other,Local,900.0,1800.0,1600.0,Rs./Quintal
Peas Wet,1.0,Metric Tonnes,Other,Local,2500.0,4500.0,3500.0,Rs./Quintal
Potato,229.5,Metric Tonnes,Other,Local,550.0,1250.0,800.0,Rs./Quintal
Ridgeguard(Tori),37.7,Metric Tonnes,Other,Local,2250.0,3835.0,2915.0,Rs./Quintal
Sweet Pumpkin,2.8,Metric Tonnes,Other,Local,400.0,800.0,600.0,Rs./Quintal
Tender Coconut,50.0,Metric Tonnes,Other,Local,4000.0,6500.0,5500.0,Rs./Quintal
Tomato,170.1,Metric Tonnes,Other,Local,225.0,1005.0,575.0,Rs./Quintal
Market Name : Navapur APMC
Not Reported
Market Name : Navratna Krishi Utpanna Khajgi Bazar  APMC
Not Reported
Market Name : Ner Parasopant APMC
Not Reported
Market Name : Newasa APMC
Not Reported
Market Name : Newasa(Ghodegaon) APMC
Not Reported
Market Name : Nilanga APMC
Not Reported
Market Name : Nira APMC
Not Reported
Market Name : Nira(Saswad) APMC
Not Reported
Market Name : Om Chaitanya Multistate Agro Purpose CoOp Society  APMC
Arhar(Tur/Red Gram)(Whole),31.25,Metric Tonnes,Other,Local,8000.0,8000.0,8000.0,Rs./Quintal
Bengal Gram(Gram)(Whole),45.51,Metric Tonnes,Other,Local,5000.0,5200.0,5000.0,Rs./Quintal
Jowar(Sorghum),48.15,Metric Tonnes,Other,Local,5500.0,5500.0,5500.0,Rs./Quintal
Wheat,0.05,Metric Tonnes,Other,Local,2300.0,2300.0,2300.0,Rs./Quintal
Market Name : Pachora APMC
Bajra(Pearl Millet/Cumbu),50.0,Metric Tonnes,Other,Non-FAQ,1900.0,2600.0,2300.0,Rs./Quintal
Jowar(Sorghum),20.0,Metric Tonnes,Other,Local,2900.0,3700.0,3300.0,Rs./Quintal
Jowar(Sorghum),350.0,Metric Tonnes,Jowar ( White),Local,1900.0,2600.0,2300.0,Rs./Quintal
Maize,90.0,Metric Tonnes,Other,Non-FAQ,1100.0,1700.0,1400.0,Rs./Quintal
Sunflower,50.0,Metric Tonnes,Other,Non-FAQ,4500.0,6171.0,5500.0,Rs./Quintal
Wheat,200.0,Metric Tonnes,Other,Non-FAQ,2100.0,2500.0,2300.0,Rs./Quintal
Market Name : Pachora(Bhadgaon) APMC
Jowar(Sorghum),134.3,Metric Tonnes,Other,Local,1900.0,2600.0,2300.0,Rs./Quintal
Maize,8.9,Metric Tonnes,Other,Non-FAQ,1100.0,1700.0,1351.0,Rs./Quintal
Market Name : Paithan APMC
Not Reported
Market Name : Palam APMC
Not Reported
Market Name : Palghar APMC
Rice,24.0,Metric Tonnes,1009 Kar,Local,4600.0,4600.0,4600.0,Rs./Quintal
Wheat,7.0,Metric Tonnes,Other,FAQ,3300.0,3300.0,3300.0,Rs./Quintal
Market Name : Palus APMC
Not Reported
Market Name : Pandhakawada APMC
Not Reported
Market Name : Pandharpur APMC
Tomato,2.8,Metric Tonnes,Other,Local,100.0,500.0,350.0,Rs./Quintal
Market Name : Panvel APMC
Bhindi(Ladies Finger),3.0,Metric Tonnes,Other,Local,4000.0,5000.0,4500.0,Rs./Quintal
Bitter gourd,10.0,Metric Tonnes,Other,Local,3000.0,4000.0,3500.0,Rs./Quintal
Bottle gourd,8.0,Metric Tonnes,Other,Local,2500.0,3000.0,2750.0,Rs./Quintal
Cabbage,30.0,Metric Tonnes,Other,Local,2000.0,2500.0,2250.0,Rs./Quintal
Carrot,6.0,Metric Tonnes,Other,Local,3500.0,4000.0,3750.0,Rs./Quintal
Ridgeguard(Tori),7.0,Metric Tonnes,Other,Local,3000.0,3500.0,3250.0,Rs./Quintal
Snakeguard,10.0,Metric Tonnes,Other,Local,3000.0,4000.0,3500.0,Rs./Quintal
Tomato,86.4,Metric Tonnes,Other,Local,1500.0,2000.0,1750.0,Rs./Quintal
Market Name : Parali Vaijyanath APMC
Not Reported
Market Name : Paranda APMC
Onion,945.3,Metric Tonnes,Red,Local,100.0,900.0,500.0,Rs./Quintal
Market Name : Parbhani APMC
Not Reported
Market Name : Parner APMC
Not Reported
Market Name : Parola APMC
Arhar(Tur/Red Gram)(Whole),1.7,Metric Tonnes,Other,Non-FAQ,7000.0,7000.0,7000.0,Rs./Quintal
Bajra(Pearl Millet/Cumbu),11.0,Metric Tonnes,Other,Non-FAQ,1900.0,2401.0,2200.0,Rs./Quintal
Bengal Gram(Gram)(Whole),4.0,Metric Tonnes,Average (Whole),Non-FAQ,2000.0,5700.0,5300.0,Rs./Quintal
Jowar(Sorghum),35.0,Metric Tonnes,Jowar ( White),Local,2000.0,2712.0,2500.0,Rs./Quintal
Maize,39.0,Metric Tonnes,Yellow,Non-FAQ,1431.0,1551.0,1501.0,Rs./Quintal
Wheat,16.0,Metric Tonnes,Kalyan,Non-FAQ,2000.0,2278.0,2150.0,Rs./Quintal
Market Name : Parshiwani APMC
Not Reported
Market Name : Partur APMC
Arhar(Tur/Red Gram)(Whole),0.7,Metric Tonnes,Other,Non-FAQ,7000.0,7441.0,7100.0,Rs./Quintal
Bengal Gram(Gram)(Whole),3.9,Metric Tonnes,Other,Non-FAQ,5091.0,5241.0,5200.0,Rs./Quintal
Jowar(Sorghum),1.3,Metric Tonnes,Other,Local,2600.0,3400.0,3231.0,Rs./Quintal
Soyabean,1.5,Metric Tonnes,Yellow,Non-FAQ,5200.0,5320.0,5310.0,Rs./Quintal
Wheat,5.4,Metric Tonnes,Maharashtra 2189,Non-FAQ,2050.0,2138.0,2100.0,Rs./Quintal
Market Name : Partur(Vatur) APMC
NIL Transaction
Market Name : Patan APMC
Cabbage,0.7,Metric Tonnes,Other,Local,2000.0,3000.0,2500.0,Rs./Quintal
Ginger(Green),0.3,Metric Tonnes,Other,Local,1500.0,2500.0,2000.0,Rs./Quintal
Green Chilli,0.3,Metric Tonnes,Other,Local,2500.0,3500.0,3000.0,Rs./Quintal
Tomato,0.7,Metric Tonnes,Other,Local,1500.0,2000.0,1750.0,Rs./Quintal
Market Name : Pathardi APMC
Not Reported
Market Name : Pathari APMC
Not Reported
Market Name : Patoda APMC
Not Reported
Market Name : Patur APMC
Not Reported
Market Name : Pavani APMC
Green Peas,10.9,Metric Tonnes,White Fozi,Local,3300.0,3300.0,3300.0,Rs./Quintal
Market Name : Pen APMC
Not Reported
Market Name : Perfect Krishi Market Yard APMC
NIL Transaction - No Arrivals
Market Name : Perfect Krishi Market Yard Pvt Ltd  APMC
Pomegranate,5.88,Metric Tonnes,Other,Local,2150.0,16150.0,10750.0,Rs./Quintal
Market Name : Phaltan APMC
NIL Transaction
Market Name : Pimpalgaon APMC
NIL Transaction
Market Name : Pimpalgaon Baswant(Saykheda) APMC
NIL Transaction
Market Name : Pombhurni APMC
Paddy(Common),349.0,Metric Tonnes,Other,FAQ,2730.0,2900.0,2870.0,Rs./Quintal
Market Name : Prasanna Krushi Market APMC
Not Reported
Market Name : Pratap Nana Mahale Khajgi Bajar Samiti  APMC
Not Reported
Market Name : Premium Krushi Utpanna Bazar  APMC
Not Reported
Market Name : Pulgaon APMC
Arhar(Tur/Red Gram)(Whole),14.4,Metric Tonnes,Other,Non-FAQ,6700.0,7825.0,7600.0,Rs./Quintal
Bengal Gram(Gram)(Whole),21.9,Metric Tonnes,Other,Non-FAQ,4800.0,5250.0,5100.0,Rs./Quintal
Cotton,60.5,Metric Tonnes,Other,Non-FAQ,6200.0,7660.0,7490.0,Rs./Quintal
Cotton,91.0,Metric Tonnes,Other,FAQ,7800.0,8465.0,8100.0,Rs./Quintal
Wheat,13.5,Metric Tonnes,Other,Non-FAQ,2120.0,2280.0,2200.0,Rs./Quintal
Market Name : Pune APMC
Amla(Nelli Kai),2.5,Metric Tonnes,Other,Local,2000.0,3000.0,2500.0,Rs./Quintal
Apple,27.7,Metric Tonnes,Other,Local,3500.0,10500.0,7000.0,Rs./Quintal
Bajra(Pearl Millet/Cumbu),48.4,Metric Tonnes,Other,FAQ,3400.0,4000.0,3700.0,Rs./Quintal
Banana,2.4,Metric Tonnes,Other,Local,500.0,1000.0,700.0,Rs./Quintal
Beans,27.2,Metric Tonnes,Other,Local,2500.0,6000.0,4250.0,Rs./Quintal
Beetroot,24.9,Metric Tonnes,Other,Local,500.0,1500.0,1000.0,Rs./Quintal
Bengal Gram(Gram)(Whole),4.2,Metric Tonnes,Other,FAQ,6000.0,7000.0,6500.0,Rs./Quintal
Bhindi(Ladies Finger),30.2,Metric Tonnes,Other,Local,1600.0,4500.0,3050.0,Rs./Quintal
Bitter gourd,12.2,Metric Tonnes,Other,Local,1500.0,3000.0,2250.0,Rs./Quintal
Black Gram(Urd Beans)(Whole),0.5,Metric Tonnes,Other,FAQ,9400.0,10200.0,9800.0,Rs./Quintal
Bottle gourd,19.7,Metric Tonnes,Other,Local,500.0,2000.0,1250.0,Rs./Quintal
Brinjal,35.6,Metric Tonnes,Other,Local,1000.0,3000.0,2000.0,Rs./Quintal
Cabbage,64.1,Metric Tonnes,Other,Local,300.0,1000.0,650.0,Rs./Quintal
Carrot,50.1,Metric Tonnes,Other,Local,1000.0,2000.0,1500.0,Rs./Quintal
Cauliflower,70.9,Metric Tonnes,Other,Local,600.0,1800.0,1200.0,Rs./Quintal
Chikoos(Sapota),24.2,Metric Tonnes,Other,Local,2500.0,4000.0,3200.0,Rs./Quintal
Chilly Capsicum,24.1,Metric Tonnes,Other,Local,2000.0,4500.0,3250.0,Rs./Quintal
Coriander(Leaves),196774.0,Bundle,Other,Local,3.0,8.0,5.0,Rs./Bundle
Corriander seed,0.6,Metric Tonnes,Other,Local,10000.0,12500.0,11250.0,Rs./Quintal
Cucumbar(Kheera),103.8,Metric Tonnes,Other,Local,1000.0,2000.0,1500.0,Rs./Quintal
Drumstick,20.0,Metric Tonnes,Other,Local,1000.0,4000.0,2500.0,Rs./Quintal
Elephant Yam(Suran)/Amorphophallus,0.9,Metric Tonnes,Other,Local,2500.0,3000.0,2750.0,Rs./Quintal
Garlic,155.3,Metric Tonnes,Other,Local,4000.0,16000.0,10000.0,Rs./Quintal
Ginger(Green),39.0,Metric Tonnes,Other,Local,2000.0,4300.0,3100.0,Rs./Quintal
Grapes,41.7,Metric Tonnes,Other,Local,2000.0,10000.0,6000.0,Rs./Quintal
Green Chilli,84.6,Metric Tonnes,Other,Local,3000.0,6000.0,4500.0,Rs./Quintal
Green Gram(Moong)(Whole),4.0,Metric Tonnes,Green (Whole),FAQ,8800.0,9800.0,9300.0,Rs./Quintal
Green Peas,4.3,Metric Tonnes,Other,Local,8200.0,9600.0,8900.0,Rs./Quintal
Ground Nut Seed,85.4,Metric Tonnes,Local,Local,12500.0,13600.0,13050.0,Rs./Quintal
Guar,19.7,Metric Tonnes,Other,Local,3000.0,8000.0,5500.0,Rs./Quintal
Guava,35.5,Metric Tonnes,Other,Local,2000.0,4000.0,3000.0,Rs./Quintal
Gur(Jaggery),29.5,Metric Tonnes,Other,Local,4201.0,4325.0,4263.0,Rs./Quintal
Jack Fruit(Ripe),6.6,Metric Tonnes,Other,Local,1000.0,2000.0,1500.0,Rs./Quintal
Jasmine,0.6,Metric Tonnes,Other,Local,30000.0,60000.0,45000.0,Rs./Quintal
Jowar(Sorghum),68.6,Metric Tonnes,Other,FAQ,5500.0,6000.0,5750.0,Rs./Quintal
Lentil(Masur)(Whole),4.1,Metric Tonnes,Other,FAQ,7100.0,7200.0,7150.0,Rs./Quintal
Lime,20.3,Metric Tonnes,Other,Local,400.0,4000.0,2200.0,Rs./Quintal
Little gourd(Kundru),3.6,Metric Tonnes,Other,Local,2500.0,4000.0,3250.0,Rs./Quintal
Maize,0.2,Metric Tonnes,Deshi Red,FAQ,2600.0,2800.0,2700.0,Rs./Quintal
Mango(Raw-Ripe),44.8,Metric Tonnes,Other,Local,2500.0,5000.0,3750.0,Rs./Quintal
Marigold(Calcutta),37.5,Nos,Other,Local,1000.0,3000.0,2000.0,Rs./Unit
Methi(Leaves),42450.0,Metric Tonnes,Other,Local,5.0,8.0,6.0,Rs./Quintal
Mint(Pudina),13730.0,Bundle,Other,Local,2.0,5.0,3.0,Rs./Bundle
Mousambi(Sweet Lime),31.4,Metric Tonnes,Other,Local,3000.0,7000.0,5000.0,Rs./Quintal
Onion,1290.3,Metric Tonnes,Local,Local,400.0,1300.0,850.0,Rs./Quintal
Onion Green,8985.0,Metric Tonnes,Other,Local,5.0,12.0,8.0,Rs./Quintal
Orange,15.3,Metric Tonnes,Other,Local,4000.0,10000.0,7000.0,Rs./Quintal
Papaya,11.6,Metric Tonnes,Other,Local,1000.0,2000.0,1500.0,Rs./Quintal
Pear(Marasebu),2.3,Metric Tonnes,Other,Local,5500.0,8500.0,7000.0,Rs./Quintal
Peas Wet,25.9,Metric Tonnes,Other,Local,3500.0,6000.0,4250.0,Rs./Quintal
Pineapple,20.9,Metric Tonnes,Other,Local,2000.0,4600.0,3300.0,Rs./Quintal
Pointed gourd(Parval),5.6,Metric Tonnes,Other,Local,2500.0,5500.0,4000.0,Rs./Quintal
Pomegranate,13.9,Metric Tonnes,Other,Local,2000.0,15000.0,8500.0,Rs./Quintal
Potato,645.3,Metric Tonnes,Local,Local,500.0,1300.0,900.0,Rs./Quintal
Pumpkin,6.2,Metric Tonnes,Other,Local,1000.0,2500.0,1750.0,Rs./Quintal
Raddish,2645.0,Metric Tonnes,Other,Local,6.0,15.0,10.0,Rs./Quintal
Ragi(Finger Millet),0.2,Metric Tonnes,Other,FAQ,5000.0,5300.0,5150.0,Rs./Quintal
Rajgir,4080.0,Metric Tonnes,Other,Local,5.0,6.0,5.0,Rs./Quintal
Rice,54.2,Metric Tonnes,Other,Local,4200.0,7200.0,5700.0,Rs./Quintal
Ridgeguard(Tori),7.0,Metric Tonnes,Other,Local,2000.0,3000.0,2500.0,Rs./Quintal
Rose(Loose)),2.4,Metric Tonnes,Other,Local,4000.0,6000.0,5000.0,Rs./Quintal
Spinach,13440.0,Metric Tonnes,Other,Local,5.0,8.0,6.0,Rs./Quintal
Sweet Potato,2.6,Metric Tonnes,Other,Local,2000.0,3000.0,2500.0,Rs./Quintal
Sweet Pumpkin,7.2,Metric Tonnes,Other,Local,800.0,1500.0,1150.0,Rs./Quintal
Tender Coconut,138.0,Metric Tonnes,Other,Local,1000.0,1300.0,1200.0,Rs./Quintal
Tomato,217.6,Metric Tonnes,Local,Local,600.0,1400.0,1000.0,Rs./Quintal
Water Melon,230.1,Metric Tonnes,Other,Local,1000.0,2000.0,1500.0,Rs./Quintal
Wheat,54.4,Metric Tonnes,Sharbati,FAQ,4100.0,4500.0,4300.0,Rs./Quintal
Market Name : Pune(Khadiki) APMC
Beans,0.2,Metric Tonnes,Other,Local,1600.0,2000.0,1800.0,Rs./Quintal
Beetroot,0.1,Metric Tonnes,Other,Local,1000.0,1000.0,1000.0,Rs./Quintal
Bhindi(Ladies Finger),0.1,Metric Tonnes,Other,Local,1800.0,2200.0,2000.0,Rs./Quintal
Bitter gourd,0.2,Metric Tonnes,Other,Local,1400.0,1700.0,1550.0,Rs./Quintal
Bottle gourd,1.0,Metric Tonnes,Other,Local,900.0,1200.0,1050.0,Rs./Quintal
Brinjal,0.7,Metric Tonnes,Other,Local,1300.0,1600.0,1450.0,Rs./Quintal
Cabbage,1.0,Metric Tonnes,Other,Local,600.0,900.0,750.0,Rs./Quintal
Carrot,0.4,Metric Tonnes,Other,Local,1300.0,1600.0,1450.0,Rs./Quintal
Cauliflower,0.8,Metric Tonnes,Other,Local,700.0,1000.0,850.0,Rs./Quintal
Chilly Capsicum,0.3,Metric Tonnes,Other,Local,1600.0,2000.0,1800.0,Rs./Quintal
Coriander(Leaves),1200.0,Bundle,Other,Local,4.0,6.0,5.0,Rs./Bundle
Cucumbar(Kheera),0.6,Metric Tonnes,Other,Local,1000.0,1400.0,1200.0,Rs./Quintal
Green Chilli,0.2,Metric Tonnes,Other,Local,3000.0,3500.0,3250.0,Rs./Quintal
Mint(Pudina),500.0,Bundle,Other,Local,2.0,3.0,2.0,Rs./Bundle
Onion,1.5,Metric Tonnes,Local,Local,700.0,1100.0,900.0,Rs./Quintal
Peas Wet,0.1,Metric Tonnes,Other,Local,2000.0,2500.0,2250.0,Rs./Quintal
Potato,1.0,Metric Tonnes,Local,Local,800.0,1200.0,1000.0,Rs./Quintal
Raddish,100.0,Metric Tonnes,Other,Local,8.0,8.0,8.0,Rs./Quintal
Ridgeguard(Tori),0.2,Metric Tonnes,Other,Local,1400.0,1700.0,1550.0,Rs./Quintal
Spinach,500.0,Metric Tonnes,Other,Local,3.0,5.0,4.0,Rs./Quintal
Tomato,1.4,Metric Tonnes,Local,Local,700.0,1200.0,950.0,Rs./Quintal
Market Name : Pune(Manjri) APMC
Beans,0.7,Metric Tonnes,Other,Local,3000.0,5000.0,4000.0,Rs./Quintal
Bhindi(Ladies Finger),11.6,Metric Tonnes,Other,Local,3000.0,5500.0,4000.0,Rs./Quintal
Bitter gourd,3.6,Metric Tonnes,Other,Local,3000.0,4500.0,4000.0,Rs./Quintal
Bottle gourd,8.6,Metric Tonnes,Other,Local,1000.0,2500.0,1500.0,Rs./Quintal
Brinjal,18.5,Metric Tonnes,Other,Local,700.0,3500.0,2200.0,Rs./Quintal
Cabbage,8.6,Metric Tonnes,Other,Local,400.0,700.0,600.0,Rs./Quintal
Cauliflower,39.7,Metric Tonnes,Other,Local,700.0,1100.0,1000.0,Rs./Quintal
Chikoos(Sapota),0.4,Metric Tonnes,Other,Local,2800.0,3500.0,3000.0,Rs./Quintal
Chilly Capsicum,3.0,Metric Tonnes,Other,Local,3000.0,4500.0,4000.0,Rs./Quintal
Coriander(Leaves),39300.0,Bundle,Other,Local,2.0,5.0,3.0,Rs./Bundle
Cucumbar(Kheera),22.5,Metric Tonnes,Other,Local,1000.0,2500.0,2000.0,Rs./Quintal
Drumstick,1.5,Metric Tonnes,Other,Local,2000.0,3500.0,2500.0,Rs./Quintal
Grapes,1.0,Metric Tonnes,Other,Local,5000.0,7000.0,6000.0,Rs./Quintal
Green Chilli,0.3,Metric Tonnes,Other,Local,4000.0,7000.0,5000.0,Rs./Quintal
Green Peas,0.6,Metric Tonnes,Other,Local,4000.0,5000.0,4500.0,Rs./Quintal
Guar,4.5,Metric Tonnes,Other,Local,5000.0,10000.0,7000.0,Rs./Quintal
Guava,0.8,Metric Tonnes,Other,Local,2500.0,3500.0,3000.0,Rs./Quintal
Karbuja(Musk Melon),0.7,Metric Tonnes,Other,Local,1500.0,2500.0,2000.0,Rs./Quintal
Methi(Leaves),29150.0,Metric Tonnes,Other,Local,3.0,10.0,6.0,Rs./Quintal
Onion,5.9,Metric Tonnes,Local,Local,900.0,1600.0,1200.0,Rs./Quintal
Onion Green,14350.0,Metric Tonnes,Other,Local,3.0,8.0,5.0,Rs./Quintal
Papaya,1.2,Metric Tonnes,Other,Local,1000.0,2500.0,2000.0,Rs./Quintal
Potato,3.8,Metric Tonnes,Other,Local,1200.0,1600.0,1400.0,Rs./Quintal
Raddish,1850.0,Metric Tonnes,Other,Local,8.0,20.0,10.0,Rs./Quintal
Rajgir,1600.0,Metric Tonnes,Other,Local,5.0,8.0,8.0,Rs./Quintal
Ridgeguard(Tori),6.2,Metric Tonnes,Other,Local,3000.0,5000.0,4000.0,Rs./Quintal
Spinach,17850.0,Metric Tonnes,Other,Local,2.0,7.0,4.0,Rs./Quintal
Tomato,39.1,Metric Tonnes,Other,Local,1000.0,2200.0,1500.0,Rs./Quintal
Water Melon,1.4,Metric Tonnes,Other,Local,1000.0,2000.0,1500.0,Rs./Quintal
Market Name : Pune(Moshi) APMC
Apple,2.0,Metric Tonnes,Other,Local,12000.0,15000.0,13500.0,Rs./Quintal
Banana,8.9,Metric Tonnes,Other,Local,1500.0,6000.0,3750.0,Rs./Quintal
Beans,4.9,Metric Tonnes,Other,Local,3000.0,3000.0,3000.0,Rs./Quintal
Beetroot,2.1,Metric Tonnes,Other,Local,2000.0,3000.0,2500.0,Rs./Quintal
Bhindi(Ladies Finger),18.9,Metric Tonnes,Other,Local,2000.0,3000.0,2500.0,Rs./Quintal
Bitter gourd,7.9,Metric Tonnes,Other,Local,3000.0,3000.0,3000.0,Rs./Quintal
Bottle gourd,7.6,Metric Tonnes,Other,Local,3000.0,3000.0,3000.0,Rs./Quintal
Brinjal,13.5,Metric Tonnes,Other,Local,2000.0,3000.0,2500.0,Rs./Quintal
Cabbage,27.1,Metric Tonnes,Other,Local,700.0,800.0,750.0,Rs./Quintal
Carrot,10.6,Metric Tonnes,Other,Local,2000.0,3000.0,2500.0,Rs./Quintal
Cauliflower,33.3,Metric Tonnes,Other,Local,700.0,1000.0,850.0,Rs./Quintal
Chikoos(Sapota),3.9,Metric Tonnes,Other,Local,3000.0,3000.0,3000.0,Rs./Quintal
Chilly Capsicum,6.1,Metric Tonnes,Other,Local,2000.0,3000.0,2500.0,Rs./Quintal
Coriander(Leaves),26500.0,Bundle,Other,Local,10.0,12.0,11.0,Rs./Bundle
Cucumbar(Kheera),18.3,Metric Tonnes,Other,Local,1000.0,2000.0,1500.0,Rs./Quintal
Drumstick,5.9,Metric Tonnes,Other,Local,2000.0,4000.0,3000.0,Rs./Quintal
Garlic,0.5,Metric Tonnes,Other,Local,6000.0,6000.0,6000.0,Rs./Quintal
Ginger(Green),6.0,Metric Tonnes,Other,Local,2500.0,3000.0,2500.0,Rs./Quintal
Grapes,6.8,Metric Tonnes,Other,Local,6000.0,7000.0,6500.0,Rs./Quintal
Green Chilli,50.2,Metric Tonnes,Other,Local,3000.0,4000.0,3500.0,Rs./Quintal
Guar,2.4,Metric Tonnes,Other,Local,5000.0,6000.0,5500.0,Rs./Quintal
Lime,4.8,Metric Tonnes,Other,Local,12000.0,12000.0,12000.0,Rs./Quintal
Little gourd(Kundru),0.8,Metric Tonnes,Other,Local,3000.0,3000.0,3000.0,Rs./Quintal
Mango,1.5,Metric Tonnes,Other,Local,10000.0,10000.0,10000.0,Rs./Quintal
Mango(Raw-Ripe),5.4,Metric Tonnes,Other,Local,4000.0,5000.0,4500.0,Rs./Quintal
Methi(Leaves),12500.0,Metric Tonnes,Other,Local,10.0,12.0,11.0,Rs./Quintal
Mint(Pudina),2500.0,Bundle,Other,Local,5.0,5.0,5.0,Rs./Bundle
Mousambi(Sweet Lime),0.8,Metric Tonnes,Other,Local,3000.0,5000.0,4000.0,Rs./Quintal
Onion,75.2,Metric Tonnes,Local,Local,400.0,1000.0,700.0,Rs./Quintal
Onion Green,2300.0,Metric Tonnes,Other,Local,10.0,10.0,10.0,Rs./Quintal
Orange,1.1,Metric Tonnes,Other,Local,6000.0,6000.0,6000.0,Rs./Quintal
Papaya,9.0,Metric Tonnes,Other,Local,2000.0,2000.0,2000.0,Rs./Quintal
Peas Wet,6.8,Metric Tonnes,Other,Local,3000.0,4000.0,3500.0,Rs./Quintal
Pomegranate,0.4,Metric Tonnes,Other,Local,12000.0,15000.0,13500.0,Rs./Quintal
Potato,88.8,Metric Tonnes,Local,Local,800.0,1200.0,1000.0,Rs./Quintal
Ridgeguard(Tori),3.9,Metric Tonnes,Other,Local,2000.0,3000.0,2500.0,Rs./Quintal
Spinach,4800.0,Metric Tonnes,Other,Local,10.0,10.0,10.0,Rs./Quintal
Tender Coconut,29.0,Metric Tonnes,Other,Local,2000.0,2000.0,2000.0,Rs./Quintal
Tomato,68.3,Metric Tonnes,Local,Local,800.0,1000.0,900.0,Rs./Quintal
Water Melon,164.2,Metric Tonnes,Other,Local,800.0,1000.0,900.0,Rs./Quintal
Market Name : Pune(Pimpri) APMC
Beetroot,0.2,Metric Tonnes,Other,Local,1200.0,1500.0,1350.0,Rs./Quintal
Bhindi(Ladies Finger),0.1,Metric Tonnes,Other,Local,4200.0,4200.0,4200.0,Rs./Quintal
Bitter gourd,0.1,Metric Tonnes,Other,Local,3200.0,3200.0,3200.0,Rs./Quintal
Brinjal,0.3,Metric Tonnes,Other,Local,1700.0,2200.0,1950.0,Rs./Quintal
Cabbage,0.3,Metric Tonnes,Other,Local,600.0,700.0,650.0,Rs./Quintal
Chilly Capsicum,0.1,Metric Tonnes,Other,Local,4500.0,4500.0,4500.0,Rs./Quintal
Coriander(Leaves),1050.0,Bundle,Other,Local,7.0,9.0,8.0,Rs./Bundle
Cucumbar(Kheera),0.6,Metric Tonnes,Other,Local,1200.0,1500.0,1350.0,Rs./Quintal
Onion,2.7,Metric Tonnes,Local,Local,1130.0,1300.0,1200.0,Rs./Quintal
Spinach,850.0,Metric Tonnes,Other,Local,7.0,9.0,8.0,Rs./Quintal
Tomato,0.5,Metric Tonnes,Local,Local,1400.0,1600.0,1500.0,Rs./Quintal
Market Name : Purna APMC
Not Reported
Market Name : Pusad APMC
Not Reported
Market Name : Rahata APMC
Not Reported
Market Name : Rahuri APMC
Bengal Gram(Gram)(Whole),0.7,Metric Tonnes,Other,Non-FAQ,4700.0,4700.0,4700.0,Rs./Quintal
Bhindi(Ladies Finger),1.4,Metric Tonnes,Other,Local,1500.0,5000.0,3250.0,Rs./Quintal
Bitter gourd,0.4,Metric Tonnes,Other,Local,1500.0,4500.0,3000.0,Rs./Quintal
Brinjal,1.3,Metric Tonnes,Other,Local,1500.0,4500.0,3000.0,Rs./Quintal
Cabbage,2.2,Metric Tonnes,Other,Local,500.0,1000.0,800.0,Rs./Quintal
Carrot,0.7,Metric Tonnes,Other,Local,800.0,2000.0,1400.0,Rs./Quintal
Cauliflower,1.4,Metric Tonnes,Other,Local,500.0,2000.0,1250.0,Rs./Quintal
Chikoos(Sapota),0.4,Metric Tonnes,Other,Local,1000.0,2500.0,1750.0,Rs./Quintal
Coriander(Leaves),3587.0,Bundle,Other,Local,5.0,8.0,6.0,Rs./Bundle
Cucumbar(Kheera),1.9,Metric Tonnes,Other,Local,500.0,3000.0,1750.0,Rs./Quintal
Drumstick,0.4,Metric Tonnes,Other,Local,1500.0,4000.0,2750.0,Rs./Quintal
Green Chilli,1.9,Metric Tonnes,Other,Local,4500.0,7500.0,6000.0,Rs./Quintal
Green Peas,0.4,Metric Tonnes,Other,Local,3500.0,6000.0,4750.0,Rs./Quintal
Guar,0.6,Metric Tonnes,Other,Local,6000.0,9000.0,7500.0,Rs./Quintal
Guava,0.3,Metric Tonnes,Other,Local,500.0,1500.0,1000.0,Rs./Quintal
Karbuja(Musk Melon),0.4,Metric Tonnes,Other,Local,500.0,1000.0,750.0,Rs./Quintal
Lime,0.3,Metric Tonnes,Other,Local,7000.0,12000.0,9500.0,Rs./Quintal
Methi(Leaves),1907.0,Metric Tonnes,Other,Local,5.0,14.0,9.0,Rs./Quintal
Potato,12.4,Metric Tonnes,Other,Local,500.0,1500.0,1000.0,Rs./Quintal
Ridgeguard(Tori),0.7,Metric Tonnes,Other,Local,1500.0,4000.0,2750.0,Rs./Quintal
Sweet Pumpkin,1.3,Metric Tonnes,Other,Local,500.0,1200.0,850.0,Rs./Quintal
Tomato,5.5,Metric Tonnes,Other,Local,1000.0,2000.0,1500.0,Rs./Quintal
Wheat,48.0,Metric Tonnes,Other,Non-FAQ,2000.0,2200.0,2100.0,Rs./Quintal
Market Name : Rahuri(Songaon) APMC
Not Reported
Market Name : Rahuri(Vambori) APMC
Onion,60.3,Metric Tonnes,Other,Local,100.0,1300.0,900.0,Rs./Quintal
Market Name : Rajura APMC
Bengal Gram(Gram)(Whole),12.6,Metric Tonnes,Other,Non-FAQ,5115.0,5220.0,5180.0,Rs./Quintal
Soyabean,7.2,Metric Tonnes,Yellow,FAQ,5330.0,5370.0,5355.0,Rs./Quintal
Market Name : Ralegaon APMC
NIL Transaction
Market Name : Ramdev Krushi Bazaar APMC
Arhar(Tur/Red Gram)(Whole),34.69,Metric Tonnes,Other,Local,7250.0,7397.0,7397.0,Rs./Quintal
Bengal Gram(Gram)(Whole),16.3,Metric Tonnes,Other,Local,5100.0,5204.0,5204.0,Rs./Quintal
Market Name : Ramtek APMC
Not Reported
Market Name : Rangrao Patil Krushi Utpanna Khajgi Bazar  APMC
Not Reported
Market Name : Ratnagiri (Nachane) APMC
Bhindi(Ladies Finger),2.4,Metric Tonnes,Other,Local,3000.0,5000.0,4500.0,Rs./Quintal
Bitter gourd,2.1,Metric Tonnes,Other,Local,3000.0,3500.0,3300.0,Rs./Quintal
Brinjal,2.1,Metric Tonnes,Other,Local,1000.0,2000.0,1500.0,Rs./Quintal
Cabbage,1.8,Metric Tonnes,Other,Local,800.0,1000.0,900.0,Rs./Quintal
Carrot,1.6,Metric Tonnes,Other,Local,3000.0,3500.0,3300.0,Rs./Quintal
Cauliflower,2.4,Metric Tonnes,Other,Local,2000.0,3000.0,2500.0,Rs./Quintal
Chilly Capsicum,2.1,Metric Tonnes,Other,Local,4000.0,5000.0,4500.0,Rs./Quintal
Coriander(Leaves),7500.0,Bundle,Other,Local,10.0,13.0,12.0,Rs./Bundle
Cucumbar(Kheera),2.1,Metric Tonnes,Other,Local,1500.0,2000.0,1800.0,Rs./Quintal
Ginger(Green),2.4,Metric Tonnes,Other,Local,5000.0,6000.0,5500.0,Rs./Quintal
Green Chilli,2.7,Metric Tonnes,Other,Local,6500.0,7500.0,7000.0,Rs./Quintal
Guar,1.8,Metric Tonnes,Other,Local,6000.0,7000.0,6500.0,Rs./Quintal
Tomato,1.8,Metric Tonnes,Other,Local,1000.0,2000.0,1500.0,Rs./Quintal
Market Name : Raver APMC
Not Reported
Market Name : Raver(Sauda) APMC
Not Reported
Market Name : Renapur APMC
NIL Transaction
Market Name : Renukadevi Private Market Yard  APMC
Not Reported
Market Name : Risod APMC
Not Reported
Market Name : Roha APMC
Not Reported
Market Name : Sadak Arjuni APMC
NIL Transaction
Market Name : Sai Agro Infratrade Pvt Agri Market APMC
Not Reported
Market Name : Sailu APMC
Not Reported
Market Name : Sakri APMC
Bajra(Pearl Millet/Cumbu),1.5,Metric Tonnes,Other,Non-FAQ,2000.0,2000.0,2000.0,Rs./Quintal
Bengal Gram(Gram)(Whole),13.0,Metric Tonnes,Average (Whole),Non-FAQ,4787.0,5051.0,4951.0,Rs./Quintal
Onion,100.0,Metric Tonnes,Other,Local,300.0,1000.0,650.0,Rs./Quintal
Wheat,35.0,Metric Tonnes,Other,Non-FAQ,2000.0,2146.0,2100.0,Rs./Quintal
Market Name : Samartha Krushi Bajar Private Limited  APMC
Not Reported
Market Name : Samudrapur APMC
Cotton,112.7,Metric Tonnes,Other,Local,6500.0,8050.0,7500.0,Rs./Quintal
Market Name : Sangamner APMC
Onion,893.5,Metric Tonnes,Other,Local,151.0,1325.0,1025.0,Rs./Quintal
Tomato,12.0,Metric Tonnes,Other,Local,250.0,1000.0,625.0,Rs./Quintal
Market Name : Sanghavi Agriculture Marketing  APMC
Not Reported
Market Name : Sangli APMC
Not Reported
Market Name : Sangli(Miraj) APMC
Not Reported
"Market Name : Sangli(Phale, Bhajipura Market) APMC"
Apple,21.0,Metric Tonnes,Other,Local,8000.0,14000.0,11000.0,Rs./Quintal
Chikoos(Sapota),6.8,Metric Tonnes,Other,Local,1000.0,4000.0,2500.0,Rs./Quintal
Garlic,7.0,Metric Tonnes,Other,Local,5000.0,10000.0,7500.0,Rs./Quintal
Grapes,3.9,Metric Tonnes,Other,Local,3000.0,6000.0,4500.0,Rs./Quintal
Guava,7.5,Metric Tonnes,Other,Local,1000.0,4000.0,2500.0,Rs./Quintal
Mango,1.9,Metric Tonnes,Totapuri,Local,6000.0,8000.0,7000.0,Rs./Quintal
Mango,15.4,Metric Tonnes,Hapus(Alphaso),Local,10000.0,40000.0,25000.0,Rs./Quintal
Onion,584.3,Metric Tonnes,Local,Local,500.0,1400.0,950.0,Rs./Quintal
Orange,7.0,Metric Tonnes,Other,Local,3000.0,6000.0,4500.0,Rs./Quintal
Papaya,1.5,Metric Tonnes,Other,Local,1000.0,1500.0,1250.0,Rs./Quintal
Pineapple,10.0,Metric Tonnes,Other,Local,2500.0,4500.0,3500.0,Rs./Quintal
Pomegranate,3.8,Metric Tonnes,Other,Local,5000.0,18000.0,11500.0,Rs./Quintal
Potato,180.0,Metric Tonnes,Local,Local,700.0,1500.0,1100.0,Rs./Quintal
Water Melon,107.5,Metric Tonnes,Other,Local,500.0,1200.0,850.0,Rs./Quintal
Market Name : Sangola APMC
Pomegranate,11.4,Metric Tonnes,Other,Local,5000.0,15100.0,10000.0,Rs./Quintal
Market Name : Sangrampur APMC
Not Reported
Market Name : Sangrampur(Varvatbakal) APMC
Not Reported
"Market Name : Sant Namdev Krushi Bazar,  APMC"
Not Reported
Market Name : Satana APMC
Not Reported
Market Name : Satara APMC
Bhindi(Ladies Finger),1.5,Metric Tonnes,Other,Local,3000.0,3500.0,3250.0,Rs./Quintal
Bitter gourd,0.6,Metric Tonnes,Other,Local,2000.0,2500.0,2250.0,Rs./Quintal
Bottle gourd,0.4,Metric Tonnes,Other,Local,800.0,1000.0,900.0,Rs./Quintal
Brinjal,1.5,Metric Tonnes,Other,Local,2000.0,3000.0,2500.0,Rs./Quintal
Cabbage,2.4,Metric Tonnes,Other,Local,600.0,700.0,650.0,Rs./Quintal
Carrot,0.8,Metric Tonnes,Other,Local,2000.0,2500.0,2250.0,Rs./Quintal
Cauliflower,1.8,Metric Tonnes,Other,Local,1000.0,1500.0,1250.0,Rs./Quintal
Chilly Capsicum,0.6,Metric Tonnes,Other,Local,3000.0,4000.0,3500.0,Rs./Quintal
Cucumbar(Kheera),4.0,Metric Tonnes,Other,Local,1000.0,1500.0,1250.0,Rs./Quintal
Drumstick,0.5,Metric Tonnes,Other,Local,2000.0,3000.0,2500.0,Rs./Quintal
Ginger(Green),0.7,Metric Tonnes,Other,Local,3000.0,5000.0,4000.0,Rs./Quintal
Green Chilli,1.4,Metric Tonnes,Other,Local,3000.0,4000.0,3500.0,Rs./Quintal
Guar,0.8,Metric Tonnes,Other,Local,4000.0,6000.0,5000.0,Rs./Quintal
Onion,43.0,Metric Tonnes,Other,Local,700.0,1300.0,1000.0,Rs./Quintal
Peas Wet,2.6,Metric Tonnes,Other,Local,5000.0,6000.0,5500.0,Rs./Quintal
Potato,16.7,Metric Tonnes,Other,Local,1000.0,1400.0,1200.0,Rs./Quintal
Tomato,6.4,Metric Tonnes,Other,Local,1000.0,1500.0,1250.0,Rs./Quintal
Market Name : Savali APMC
Not Reported
Market Name : Savner APMC
Arhar(Tur/Red Gram)(Whole),70.3,Metric Tonnes,Other,FAQ,8000.0,8179.0,8000.0,Rs./Quintal
Arhar(Tur/Red Gram)(Whole),110.0,Metric Tonnes,Other,Non-FAQ,7275.0,7999.0,7750.0,Rs./Quintal
Bengal Gram(Gram)(Whole),31.0,Metric Tonnes,Other,Non-FAQ,4800.0,5218.0,5100.0,Rs./Quintal
Cotton,350.0,Metric Tonnes,Other,Local,7600.0,7650.0,7625.0,Rs./Quintal
Maize,3.5,Metric Tonnes,Other,Non-FAQ,1650.0,1700.0,1700.0,Rs./Quintal
Soyabean,0.5,Metric Tonnes,Yellow,Non-FAQ,5000.0,5200.0,5200.0,Rs./Quintal
Wheat,10.3,Metric Tonnes,Other,Non-FAQ,2040.0,2550.0,2400.0,Rs./Quintal
Market Name : Selu APMC
Not Reported
Market Name : Sengoan APMC
Arhar(Tur/Red Gram)(Whole),5.4,Metric Tonnes,Other,Non-FAQ,7225.0,7400.0,7300.0,Rs./Quintal
Bengal Gram(Gram)(Whole),3.9,Metric Tonnes,Other,Non-FAQ,5050.0,5300.0,5200.0,Rs./Quintal
Soyabean,7.9,Metric Tonnes,Yellow,Non-FAQ,5125.0,5300.0,5200.0,Rs./Quintal
Turmeric,7.7,Metric Tonnes,Other,Local,11500.0,14100.0,12500.0,Rs./Quintal
Market Name : Shahada APMC
Not Reported
Market Name : Shahapur APMC
Bhindi(Ladies Finger),0.3,Metric Tonnes,Other,Local,3000.0,3500.0,3300.0,Rs./Quintal
Bitter gourd,0.3,Metric Tonnes,Other,Local,2000.0,3000.0,2500.0,Rs./Quintal
Cucumbar(Kheera),0.3,Metric Tonnes,Other,Local,2000.0,2200.0,2100.0,Rs./Quintal
Guar,0.3,Metric Tonnes,Other,Local,6000.0,7000.0,6500.0,Rs./Quintal
Ridgeguard(Tori),0.3,Metric Tonnes,Other,Local,2500.0,3000.0,2800.0,Rs./Quintal
Market Name : Shantilal Jain Agro APMC
Not Reported
Market Name : Shegaon APMC
Not Reported
Market Name : Shekari Krushi Khajgi Bazar APMC
Not Reported
Market Name : Shetkari Khajgi Bajar APMC
Cotton,55.43,Metric Tonnes,LH-900,Local,7200.0,7700.0,7433.0,Rs./Quintal
Market Name : Shetkari Khushi Bazar APMC
Not Reported
Market Name : Shetkari Krushi Bazar APMC
Not Reported
Market Name : Shevgaon APMC
Bajra(Pearl Millet/Cumbu),0.7,Metric Tonnes,Other,Non-FAQ,2400.0,2400.0,2400.0,Rs./Quintal
Bengal Gram(Gram)(Whole),0.4,Metric Tonnes,Other,Non-FAQ,4900.0,4900.0,4900.0,Rs./Quintal
Wheat,37.0,Metric Tonnes,Maharashtra 2189,Non-FAQ,2000.0,2350.0,2000.0,Rs./Quintal
Market Name : Shevgaon(Bodhegaon) APMC
Arhar(Tur/Red Gram)(Whole),0.4,Metric Tonnes,Other,Non-FAQ,7400.0,7400.0,7400.0,Rs./Quintal
Bajra(Pearl Millet/Cumbu),1.0,Metric Tonnes,Other,Non-FAQ,2300.0,2400.0,2300.0,Rs./Quintal
Bengal Gram(Gram)(Whole),0.3,Metric Tonnes,Other,Non-FAQ,5000.0,5000.0,5000.0,Rs./Quintal
Jowar(Sorghum),0.7,Metric Tonnes,Other,Non-FAQ,2700.0,2800.0,2700.0,Rs./Quintal
Tamarind Fruit,0.9,Metric Tonnes,Other,Local,2500.0,2700.0,2700.0,Rs./Quintal
Wheat,2.0,Metric Tonnes,Maharashtra 2189,Non-FAQ,2100.0,2200.0,2100.0,Rs./Quintal
Market Name : Shirala APMC
Not Reported
Market Name : Shirpur APMC
NIL Transaction
Market Name : Shirur APMC
Not Reported
Market Name : Shirur Anantpal APMC
Not Reported
Market Name : Shivsiddha Govind Producer Company Limited Sanchal APMC
Not Reported
Market Name : Shree Rameshwar Krushi Market  APMC
Not Reported
Market Name : Shree Sairaj Krushi Market APMC
Onion,50180.8,Metric Tonnes,Local,Local,200.0,1300.0,800.0,Rs./Quintal
Market Name : Shree Salasar Krushi Bazar  APMC
Not Reported
Market Name : Shri Balaji krishi Utpanna Bazar Samiti  APMC
Not Reported
Market Name : Shri Gajanan Maharaj Khajagi Krushi Utpanna Bazar APMC
Not Reported
Market Name : Shrigonda APMC
Onion,25.8,Metric Tonnes,Other,Local,250.0,1200.0,800.0,Rs./Quintal
Market Name : Shrigonda(Gogargaon) APMC
NIL Transaction
Market Name : Shrirampur APMC
Bengal Gram(Gram)(Whole),3.7,Metric Tonnes,Other,Non-FAQ,4900.0,5050.0,5000.0,Rs./Quintal
Bhindi(Ladies Finger),0.9,Metric Tonnes,Other,Local,1500.0,2500.0,2000.0,Rs./Quintal
Bitter gourd,0.6,Metric Tonnes,Other,Local,1500.0,2500.0,2000.0,Rs./Quintal
Bottle gourd,0.7,Metric Tonnes,Other,Local,600.0,800.0,700.0,Rs./Quintal
Brinjal,2.4,Metric Tonnes,Other,Local,800.0,1200.0,1000.0,Rs./Quintal
Cabbage,2.5,Metric Tonnes,Other,Local,400.0,600.0,500.0,Rs./Quintal
Carrot,0.3,Metric Tonnes,Other,Local,1200.0,1600.0,1400.0,Rs./Quintal
Cauliflower,2.5,Metric Tonnes,Other,Local,500.0,700.0,600.0,Rs./Quintal
Chikoos(Sapota),8.0,Metric Tonnes,Other,Local,1000.0,1500.0,1250.0,Rs./Quintal
Chilly Capsicum,0.7,Metric Tonnes,Other,Local,1000.0,2000.0,1550.0,Rs./Quintal
Coriander(Leaves),3900.0,Bundle,Other,Local,3.0,5.0,4.0,Rs./Bundle
Cucumbar(Kheera),2.2,Metric Tonnes,Other,Local,800.0,1000.0,900.0,Rs./Quintal
Drumstick,0.5,Metric Tonnes,Other,Local,3000.0,4000.0,3550.0,Rs./Quintal
Ginger(Green),2.5,Metric Tonnes,Other,Local,2000.0,3000.0,2550.0,Rs./Quintal
Green Chilli,2.5,Metric Tonnes,Other,Local,4000.0,5000.0,4550.0,Rs./Quintal
Karbuja(Musk Melon),3.1,Metric Tonnes,Other,Local,1200.0,1400.0,1300.0,Rs./Quintal
Lime,0.5,Metric Tonnes,Other,Local,10000.0,12000.0,11000.0,Rs./Quintal
Maize,0.4,Metric Tonnes,Other,Non-FAQ,1500.0,1600.0,1550.0,Rs./Quintal
Mango(Raw-Ripe),0.5,Metric Tonnes,Other,Local,2000.0,3000.0,2550.0,Rs./Quintal
Methi(Leaves),2900.0,Metric Tonnes,Other,Local,6.0,8.0,7.0,Rs./Quintal
Potato,7.0,Metric Tonnes,Other,Local,800.0,1000.0,900.0,Rs./Quintal
Raddish,1100.0,Metric Tonnes,Other,Local,6.0,7.0,6.0,Rs./Quintal
Ridgeguard(Tori),0.8,Metric Tonnes,Other,Local,1500.0,2500.0,2000.0,Rs./Quintal
Soyabean,0.2,Metric Tonnes,Other,Local,4500.0,5300.0,4900.0,Rs./Quintal
Spinach,2300.0,Metric Tonnes,Other,Local,2.0,4.0,3.0,Rs./Quintal
Tamarind Fruit,16.8,Metric Tonnes,Other,Local,2500.0,5200.0,3850.0,Rs./Quintal
Tomato,2.5,Metric Tonnes,Other,Local,500.0,900.0,700.0,Rs./Quintal
Water Melon,7.0,Metric Tonnes,Other,Local,500.0,1000.0,750.0,Rs./Quintal
Wheat,23.2,Metric Tonnes,Other,Non-FAQ,2100.0,2200.0,2150.0,Rs./Quintal
Market Name : Shrirampur(Belapur) APMC
Not Reported
Market Name : Sillod APMC
Not Reported
Market Name : Sillod(Bharadi) APMC
Not Reported
Market Name : Sindevahi APMC
Paddy(Common),9.5,Metric Tonnes,Other,FAQ,2600.0,2650.0,2600.0,Rs./Quintal
Market Name : Sindhudurg APMC
Not Reported
Market Name : Sindi APMC
Not Reported
Market Name : Sindi(Selu) APMC
Cotton,237.0,Metric Tonnes,Other,FAQ,8115.0,8375.0,8250.0,Rs./Quintal
Market Name : Sindkhed Raja APMC
Not Reported
Market Name : Sinner APMC
Not Reported
Market Name : Sironcha APMC
NIL Transaction
Market Name : Sirsam APMC
Not Reported
Market Name : Solapur APMC
Beans,0.4,Metric Tonnes,Other,Local,2500.0,4250.0,3500.0,Rs./Quintal
Beetroot,2.2,Metric Tonnes,Other,Local,600.0,1000.0,800.0,Rs./Quintal
Bhindi(Ladies Finger),1.6,Metric Tonnes,Other,Local,2000.0,5000.0,3000.0,Rs./Quintal
Bitter gourd,0.5,Metric Tonnes,Other,Local,700.0,2500.0,1500.0,Rs./Quintal
Brinjal,2.4,Metric Tonnes,Other,Local,800.0,2000.0,1200.0,Rs./Quintal
Cabbage,6.3,Metric Tonnes,Other,Local,400.0,600.0,500.0,Rs./Quintal
Carrot,4.5,Metric Tonnes,Other,Local,900.0,4500.0,2000.0,Rs./Quintal
Cauliflower,5673.0,Metric Tonnes,Other,Local,480.0,2100.0,1040.0,Rs./Quintal
Chikoos(Sapota),8.0,Metric Tonnes,Other,Local,700.0,1500.0,1000.0,Rs./Quintal
Chilly Capsicum,3.4,Metric Tonnes,Other,Local,800.0,3000.0,1500.0,Rs./Quintal
Coriander(Leaves),7506.0,Bundle,Other,Local,300.0,700.0,500.0,Rs./Bundle
Cucumbar(Kheera),4.6,Metric Tonnes,Other,Local,500.0,2000.0,1200.0,Rs./Quintal
Grapes,1190.0,Metric Tonnes,Other,Local,100.0,200.0,140.0,Rs./Quintal
Green Chilli,4.5,Metric Tonnes,Other,Local,3000.0,4000.0,3500.0,Rs./Quintal
Guar,1.1,Metric Tonnes,Other,Local,1000.0,4000.0,2000.0,Rs./Quintal
Guava,5.9,Metric Tonnes,Other,Local,500.0,1500.0,1000.0,Rs./Quintal
Karbuja(Musk Melon),43.0,Metric Tonnes,Other,Local,500.0,2000.0,1000.0,Rs./Quintal
Lime,3.3,Metric Tonnes,Other,Local,1200.0,12500.0,6500.0,Rs./Quintal
Mango,256.0,Metric Tonnes,Hapus(Alphaso),Local,1200.0,3200.0,2400.0,Rs./Quintal
Methi(Leaves),3665.0,Metric Tonnes,Other,Local,500.0,800.0,600.0,Rs./Quintal
Mousambi(Sweet Lime),1.6,Metric Tonnes,Other,Local,1000.0,3800.0,2500.0,Rs./Quintal
Onion,4959.5,Metric Tonnes,Red,Local,100.0,1400.0,600.0,Rs./Quintal
Onion Green,419.0,Metric Tonnes,Other,Local,500.0,500.0,500.0,Rs./Quintal
Pineapple,3.0,Metric Tonnes,Other,Local,1000.0,3500.0,2000.0,Rs./Quintal
Pomegranate,25.2,Metric Tonnes,Other,Local,2000.0,15500.0,7500.0,Rs./Quintal
Potato,96.0,Metric Tonnes,Local,Local,500.0,1200.0,1000.0,Rs./Quintal
Rajgir,90.0,Metric Tonnes,Other,Local,500.0,500.0,500.0,Rs./Quintal
Rice,72.9,Metric Tonnes,Other,Local,3365.0,6570.0,3600.0,Rs./Quintal
Ridgeguard(Tori),3.9,Metric Tonnes,Other,Local,1000.0,2200.0,1500.0,Rs./Quintal
Spinach,1346.0,Metric Tonnes,Other,Local,250.0,400.0,300.0,Rs./Quintal
Tomato,12.0,Metric Tonnes,Other,Local,300.0,900.0,600.0,Rs./Quintal
Water Melon,49.6,Metric Tonnes,Other,Local,300.0,1000.0,600.0,Rs./Quintal
Wheat,77.1,Metric Tonnes,Sharbati,FAQ,2595.0,3815.0,3305.0,Rs./Quintal
Market Name : Sonpeth APMC
Not Reported
Market Name : Soygaon APMC
Not Reported
Market Name : Suragana APMC
NIL Transaction
Market Name : Tadkalas APMC
Not Reported
Market Name : Talegaon Dabhade APMC
NIL Transaction
Market Name : Taloda APMC
Arhar(Tur/Red Gram)(Whole),1.3,Metric Tonnes,Other,Non-FAQ,5702.0,6252.0,6000.0,Rs./Quintal
Bajra(Pearl Millet/Cumbu),4.5,Metric Tonnes,Other,Non-FAQ,2400.0,2574.0,2500.0,Rs./Quintal
Bengal Gram(Gram)(Whole),6.1,Metric Tonnes,Other,Non-FAQ,5702.0,5810.0,5765.0,Rs./Quintal
Jowar(Sorghum),3.2,Metric Tonnes,Other,Local,3656.0,3940.0,3800.0,Rs./Quintal
Wheat,55.5,Metric Tonnes,Other,Non-FAQ,2087.0,2291.0,2275.0,Rs./Quintal
Market Name : Tasgaon APMC
Not Reported
Market Name : Telhara APMC
Not Reported
Market Name : Tiroda APMC
Paddy(Common),18.2,Metric Tonnes,Other,FAQ,2602.0,3070.0,2836.0,Rs./Quintal
Paddy(Common),2.3,Metric Tonnes,Other,Non-FAQ,1770.0,1871.0,1821.0,Rs./Quintal
Market Name : Tiwasa APMC
Not Reported
Market Name : Tuljapur APMC
Arhar(Tur/Red Gram)(Whole),2.8,Metric Tonnes,Other,Non-FAQ,7000.0,7700.0,7550.0,Rs./Quintal
Bengal Gram(Gram)(Whole),13.0,Metric Tonnes,Other,Non-FAQ,5250.0,5250.0,5250.0,Rs./Quintal
Jowar(Sorghum),24.9,Metric Tonnes,Jowar ( White),Local,3200.0,4700.0,4600.0,Rs./Quintal
Soyabean,11.0,Metric Tonnes,Other,Local,5555.0,5555.0,5555.0,Rs./Quintal
Market Name : Tumsar APMC
Not Reported
Market Name : Udgir APMC
Not Reported
Market Name : Udgir(Hali) APMC
Not Reported
Market Name : Ulhasnagar APMC
Rice,56.0,Metric Tonnes,Other,Local,4000.0,5000.0,4500.0,Rs./Quintal
Wheat,40.0,Metric Tonnes,Other,FAQ,3000.0,3400.0,3200.0,Rs./Quintal
Market Name : Umared APMC
Cotton,155.4,Metric Tonnes,Desi,Local,6500.0,8020.0,7560.0,Rs./Quintal
Market Name : Umarga APMC
Not Reported
Market Name : Umari APMC
Not Reported
Market Name : Umarked(Danki) APMC
Arhar(Tur/Red Gram)(Whole),13.0,Metric Tonnes,Other,Non-FAQ,6200.0,6400.0,6300.0,Rs./Quintal
Bengal Gram(Gram)(Whole),12.0,Metric Tonnes,Other,Non-FAQ,5350.0,5500.0,5450.0,Rs./Quintal
Wheat,25.0,Metric Tonnes,Other,Non-FAQ,2250.0,2450.0,2400.0,Rs./Quintal
Market Name : Umarkhed APMC
Bengal Gram(Gram)(Whole),19.0,Metric Tonnes,Other,Non-FAQ,5350.0,5500.0,5400.0,Rs./Quintal
Soyabean,39.0,Metric Tonnes,Yellow,Non-FAQ,4750.0,4950.0,4850.0,Rs./Quintal
Wheat,14.0,Metric Tonnes,Other,Non-FAQ,2250.0,2450.0,2400.0,Rs./Quintal
Market Name : Umrane APMC
Not Reported
Market Name : Vadgaonpeth APMC
NIL Transaction
Market Name : Vaduj APMC
Brinjal,3.5,Metric Tonnes,Other,Local,2000.0,3000.0,2500.0,Rs./Quintal
Coriander(Leaves),130.0,Bundle,Other,Local,6.0,9.0,7.0,Rs./Bundle
Ginger(Green),0.9,Metric Tonnes,Other,Local,3500.0,4500.0,4000.0,Rs./Quintal
Methi(Leaves),110.0,Metric Tonnes,Other,Local,4.0,8.0,6.0,Rs./Quintal
Onion,10.0,Metric Tonnes,Local,Local,500.0,1200.0,800.0,Rs./Quintal
Potato,2.0,Metric Tonnes,Local,Local,1300.0,1400.0,1350.0,Rs./Quintal
Market Name : Vadvani APMC
NIL Transaction
Market Name : Vai APMC
Cabbage,1.5,Metric Tonnes,Other,Local,400.0,600.0,500.0,Rs./Quintal
Cauliflower,1.5,Metric Tonnes,Other,Local,1200.0,1500.0,1350.0,Rs./Quintal
Cucumbar(Kheera),0.8,Metric Tonnes,Other,Local,1200.0,1800.0,1500.0,Rs./Quintal
Ginger(Green),1.0,Metric Tonnes,Other,Local,4000.0,5000.0,4500.0,Rs./Quintal
Green Chilli,1.2,Metric Tonnes,Other,Local,5000.0,8000.0,6500.0,Rs./Quintal
Guar,0.6,Metric Tonnes,Other,Local,6000.0,8000.0,7000.0,Rs./Quintal
Onion,2.0,Metric Tonnes,Local,Local,800.0,1300.0,1000.0,Rs./Quintal
Tomato,7.0,Metric Tonnes,Local,Local,1000.0,2000.0,1500.0,Rs./Quintal
Market Name : Vaijpur APMC
NIL Transaction
Market Name : Vani APMC
Arhar(Tur/Red Gram)(Whole),43.2,Metric Tonnes,Other,Non-FAQ,6750.0,7740.0,7200.0,Rs./Quintal
Bengal Gram(Gram)(Whole),80.9,Metric Tonnes,Other,Non-FAQ,4800.0,5235.0,5100.0,Rs./Quintal
Soyabean,25.2,Metric Tonnes,Yellow,Non-FAQ,4155.0,5320.0,5000.0,Rs./Quintal
Market Name : Varora APMC
Cotton,73.9,Metric Tonnes,Desi,Local,6550.0,8000.0,7400.0,Rs./Quintal
Market Name : Varud APMC
Arhar(Tur/Red Gram)(Whole),12.8,Metric Tonnes,Other,Non-FAQ,6900.0,7500.0,7273.0,Rs./Quintal
Bengal Gram(Gram)(Whole),0.5,Metric Tonnes,Other,Non-FAQ,5200.0,5200.0,5200.0,Rs./Quintal
Soyabean,1.0,Metric Tonnes,Yellow,FAQ,5360.0,5360.0,5360.0,Rs./Quintal
Soyabean,2.0,Metric Tonnes,Yellow,Non-FAQ,5030.0,5195.0,5160.0,Rs./Quintal
Market Name : Varud(Rajura Bazar) APMC
Green Chilli,3.2,Metric Tonnes,Other,Local,3000.0,3000.0,3000.0,Rs./Quintal
Market Name : Vasai APMC
Rice,23.0,Metric Tonnes,1009 Kar,Local,3450.0,4970.0,4490.0,Rs./Quintal
Market Name : Vashi New Mumbai APMC
Onion,1363.1,Metric Tonnes,Other,Local,600.0,1300.0,950.0,Rs./Quintal
Potato,925.3,Metric Tonnes,Other,Local,600.0,1200.0,900.0,Rs./Quintal
Market Name : Vijaya Agri Private Market APMC
Not Reported
Market Name : Vita APMC
Not Reported
Market Name : Vitthal Krushi Utpanna Bazar  APMC
Not Reported
Market Name : Wardha APMC
Arhar(Tur/Red Gram)(Whole),25.2,Metric Tonnes,Other,Non-FAQ,7350.0,7880.0,7550.0,Rs./Quintal
Bengal Gram(Gram)(Whole),56.3,Metric Tonnes,Other,Non-FAQ,4950.0,5225.0,5150.0,Rs./Quintal
Cotton,50.0,Metric Tonnes,Other,Non-FAQ,6450.0,7700.0,7450.0,Rs./Quintal
Cotton,20.0,Metric Tonnes,Other,FAQ,7750.0,8100.0,7850.0,Rs./Quintal
Wheat,50.0,Metric Tonnes,Other,Non-FAQ,2495.0,2495.0,2495.0,Rs./Quintal
Market Name : Washi (Dharashiv) APMC
Not Reported
Market Name : Washim APMC
Arhar(Tur/Red Gram)(Whole),6.0,Metric Tonnes,Other,Non-FAQ,7200.0,7700.0,7500.0,Rs./Quintal
Bengal Gram(Gram)(Whole),12.0,Metric Tonnes,Average (Whole),Non-FAQ,5200.0,5400.0,5300.0,Rs./Quintal
Wheat,6.0,Metric Tonnes,Maharashtra 2189,Non-FAQ,2000.0,2400.0,2200.0,Rs./Quintal
Market Name : Washim(Ansing) APMC
Not Reported
Market Name : Yashika Agro Marketing APMC
Maize,200.34,Metric Tonnes,Other,Local,1890.0,2050.0,1990.0,Rs./Quintal
Market Name : Yawal APMC
Banana,1558.0,Metric Tonnes,Other,Local,1400.0,1550.0,1410.0,Rs./Quintal
Bengal Gram(Gram)(Whole),86.8,Metric Tonnes,Other,Non-FAQ,4750.0,5150.0,4950.0,Rs./Quintal
Maize,44.4,Metric Tonnes,Yellow,Non-FAQ,1100.0,1400.0,1320.0,Rs./Quintal
Onion,95.4,Metric Tonnes,Red,Local,710.0,1000.0,840.0,Rs./Quintal
Wheat,24.2,Metric Tonnes,Other,Non-FAQ,2000.0,2550.0,2320.0,Rs./Quintal
Market Name : Yeola APMC
NIL Transaction
Market Name : Yeotmal APMC
NIL Transaction
Market Name : ZariZamini APMC
Not Reported
